image_file,correct_emotion,thisN,thisTrialN,thisRepN,btn_anger_2.numClicks,btn_anger_2.timesOn,btn_anger_2.timesOff,btn_disgust_2.numClicks,btn_disgust_2.timesOn,btn_disgust_2.timesOff,btn_fear_2.numClicks,btn_fear_2.timesOn,btn_fear_2.timesOff,btn_happiness_2.numClicks,btn_happiness_2.timesOn,btn_happiness_2.timesOff,btn_neutrality_2.numClicks,btn_neutrality_2.timesOn,btn_neutrality_2.timesOff,btn_sadness_2.numClicks,btn_sadness_2.timesOn,btn_sadness_2.timesOff,trials.thisRepN,trials.thisTrialN,trials.thisN,trials.thisIndex,thisRow.t,notes,introduction.started,introduction_text.started,btn_start.started,introduction.stopped,btn_start.numClicks,btn_start.timesOn,btn_start.timesOff,trial_face.started,image_stim.started,trial_face.stopped,trial_response.started,btn_anger_2.started,btn_disgust_2.started,btn_fear_2.started,btn_happiness_2.started,btn_neutrality_2.started,btn_sadness_2.started,trial_response.stopped,trials.btn_anger_2.numClicks,trials.btn_anger_2.timesOn,trials.btn_anger_2.timesOff,trials.btn_disgust_2.numClicks,trials.btn_disgust_2.timesOn,trials.btn_disgust_2.timesOff,trials.btn_fear_2.numClicks,trials.btn_fear_2.timesOn,trials.btn_fear_2.timesOff,trials.btn_happiness_2.numClicks,trials.btn_happiness_2.timesOn,trials.btn_happiness_2.timesOff,clickedEmotion,correct,trials.btn_neutrality_2.numClicks,trials.btn_neutrality_2.timesOn,trials.btn_neutrality_2.timesOff,trials.btn_sadness_2.numClicks,trials.btn_sadness_2.timesOn,trials.btn_sadness_2.timesOff,participant,session,date,expName,expVersion,psychopyVersion,frameRate,expStart,
,,,,,,,,,,,,,,,,,,,,,,,,,,,,,0.011180900008184835,0.018570500003988855,0.018570500003988855,0.9510391999938292,1,[0.9321737999998732],[0.9321824999933597],,,,,,,,,,,,,,,,,,,,,,,,,,,,,,,,490889,001,2025-12-06_16h52.10.209,faces_experiment,,2025.1.1,132.7636886209827,2025-12-06 16h52.12.966266 +0100,
faces/116_m_m_f_b.jpg,fear,0,0,0,0,,,0,,,1,[1.7425730999966618],[1.7425775000010617],0,,,0,,,0,,,0,0,0,41,1.168942500007688,,,,,,,,,1.1131937000027392,1.168942500007688,1.212634600000456,1.214118799995049,1.2448034999979427,1.2448034999979427,1.2448034999979427,1.2448034999979427,1.2448034999979427,1.2448034999979427,2.9880600000033155,0,,,0,,,1,[1.7425730999966618],[1.7425775000010617],0,,,fear,1,0,,,0,,,490889,001,2025-12-06_16h52.10.209,faces_experiment,,2025.1.1,132.7636886209827,2025-12-06 16h52.12.966266 +0100,
faces/116_m_m_f_a.jpg,fear,1,1,0,0,,,0,,,1,[0.4192025999946054],[0.4192138999933377],0,,,0,,,0,,,0,1,1,40,3.099686500005191,,,,,,,,,3.090052300001844,3.099686500005191,3.250545400005649,3.25093840000045,3.2655536999955075,3.2655536999955075,3.2655536999955075,3.2655536999955075,3.2655536999955075,3.2655536999955075,3.68552389999968,0,,,0,,,1,[0.4192025999946054],[0.4192138999933377],0,,,fear,1,0,,,0,,,490889,001,2025-12-06_16h52.10.209,faces_experiment,,2025.1.1,132.7636886209827,2025-12-06 16h52.12.966266 +0100,
faces/004_o_m_d_a.jpg,disgust,2,2,0,0,,,0,,,1,[0.36945209999976214],[0.3694587999925716],0,,,0,,,0,,,0,2,2,2,3.832467300002463,,,,,,,,,3.8244344999984605,3.832467300002463,3.9437465999944834,3.944103300003917,3.964163800003007,3.964163800003007,3.964163800003007,3.964163800003007,3.964163800003007,3.964163800003007,4.334021500006202,0,,,0,,,1,[0.36945209999976214],[0.3694587999925716],0,,,fear,0,0,,,0,,,490889,001,2025-12-06_16h52.10.209,faces_experiment,,2025.1.1,132.7636886209827,2025-12-06 16h52.12.966266 +0100,
faces/079_o_f_n_b.jpg,neutrality,3,3,0,0,,,0,,,1,[0.27919329999713227],[0.2792040999920573],0,,,0,,,0,,,0,3,3,33,4.500188499994692,,,,,,,,,4.490702199997031,4.500188499994692,4.59679640000104,4.597119700003532,4.616986699998961,4.616986699998961,4.616986699998961,4.616986699998961,4.616986699998961,4.616986699998961,4.896565000002738,0,,,0,,,1,[0.27919329999713227],[0.2792040999920573],0,,,fear,0,0,,,0,,,490889,001,2025-12-06_16h52.10.209,faces_experiment,,2025.1.1,132.7636886209827,2025-12-06 16h52.12.966266 +0100,
faces/140_y_f_h_a.jpg,happiness,4,4,0,0,,,0,,,1,[0.23817459998826962],[0.2381905999936862],0,,,0,,,0,,,0,4,4,54,5.034811999998055,,,,,,,,,5.026391100007459,5.034811999998055,5.166770399999223,5.167216999994707,5.180243199996767,5.180243199996767,5.180243199996767,5.180243199996767,5.180243199996767,5.180243199996767,5.419094099997892,0,,,0,,,1,[0.23817459998826962],[0.2381905999936862],0,,,fear,0,0,,,0,,,490889,001,2025-12-06_16h52.10.209,faces_experiment,,2025.1.1,132.7636886209827,2025-12-06 16h52.12.966266 +0100,
faces/079_o_f_h_b.jpg,happiness,5,5,0,0,,,0,,,1,[0.264632199992775],[0.2646373999887146],0,,,0,,,0,,,0,5,5,31,5.536570900003426,,,,,,,,,5.52726370000164,5.536570900003426,5.6815165000007255,5.681862099998398,5.70193830000062,5.70193830000062,5.70193830000062,5.70193830000062,5.70193830000062,5.70193830000062,5.966968799999449,0,,,0,,,1,[0.264632199992775],[0.2646373999887146],0,,,fear,0,0,,,0,,,490889,001,2025-12-06_16h52.10.209,faces_experiment,,2025.1.1,132.7636886209827,2025-12-06 16h52.12.966266 +0100,
faces/079_o_f_a_a.jpg,anger,6,6,0,0,,,0,,,1,[0.23001650000514928],[0.23002509999787435],0,,,0,,,0,,,0,6,6,24,6.086702500004321,,,,,,,,,6.079102400006377,6.086702500004321,6.229596000004676,6.229789200006053,6.2503991999983555,6.2503991999983555,6.2503991999983555,6.2503991999983555,6.2503991999983555,6.2503991999983555,6.480918700006441,0,,,0,,,1,[0.23001650000514928],[0.23002509999787435],0,,,fear,0,0,,,0,,,490889,001,2025-12-06_16h52.10.209,faces_experiment,,2025.1.1,132.7636886209827,2025-12-06 16h52.12.966266 +0100,
faces/004_o_m_n_a.jpg,neutrality,7,7,0,0,,,0,,,1,[0.29529560000810307],[0.29530130000784993],0,,,0,,,0,,,0,7,7,8,6.60313980000501,,,,,,,,,6.595875900005922,6.60313980000501,6.737653000003775,6.738192599994363,6.75336079999397,6.75336079999397,6.75336079999397,6.75336079999397,6.75336079999397,6.75336079999397,7.04916310000408,0,,,0,,,1,[0.29529560000810307],[0.29530130000784993],0,,,fear,0,0,,,0,,,490889,001,2025-12-06_16h52.10.209,faces_experiment,,2025.1.1,132.7636886209827,2025-12-06 16h52.12.966266 +0100,
faces/116_m_m_h_b.jpg,happiness,8,8,0,0,,,0,,,1,[0.1548707000038121],[0.15487739999662153],0,,,0,,,0,,,0,8,8,43,7.149037099996349,,,,,,,,,7.141025300006731,7.149037099996349,7.313981100000092,7.314280999999028,7.326748999999836,7.326748999999836,7.326748999999836,7.326748999999836,7.326748999999836,7.326748999999836,7.481920599995647,0,,,0,,,1,[0.1548707000038121],[0.15487739999662153],0,,,fear,0,0,,,0,,,490889,001,2025-12-06_16h52.10.209,faces_experiment,,2025.1.1,132.7636886209827,2025-12-06 16h52.12.966266 +0100,
faces/066_y_m_n_b.jpg,neutrality,9,9,0,0,,,0,,,1,[0.10849979998602066],[0.10850369998661336],0,,,0,,,0,,,0,9,9,21,7.59758509999665,,,,,,,,,7.589604900000268,7.59758509999665,7.744417299996712,7.7446796000003815,7.7579379999951925,7.7579379999951925,7.7579379999951925,7.7579379999951925,7.7579379999951925,7.7579379999951925,7.866847099998267,0,,,0,,,1,[0.10849979998602066],[0.10850369998661336],0,,,fear,0,0,,,0,,,490889,001,2025-12-06_16h52.10.209,faces_experiment,,2025.1.1,132.7636886209827,2025-12-06 16h52.12.966266 +0100,
faces/004_o_m_f_b.jpg,fear,10,10,0,0,,,0,,,1,[0.11967850000655744],[0.11968990000605118],0,,,0,,,0,,,0,10,10,5,7.976878400004352,,,,,,,,,7.969528000001446,7.976878400004352,8.127151699998649,8.127456200003508,8.141035299995565,8.141035299995565,8.141035299995565,8.141035299995565,8.141035299995565,8.141035299995565,8.261213300007512,0,,,0,,,1,[0.11967850000655744],[0.11968990000605118],0,,,fear,1,0,,,0,,,490889,001,2025-12-06_16h52.10.209,faces_experiment,,2025.1.1,132.7636886209827,2025-12-06 16h52.12.966266 +0100,
faces/140_y_f_f_b.jpg,fear,11,11,0,0,,,0,,,1,[0.37675490000401624],[0.3767578999977559],0,,,0,,,0,,,0,11,11,53,8.366790100000799,,,,,,,,,8.35804599999392,8.366790100000799,8.516432899996289,8.516913200001,8.62285850000626,8.62285850000626,8.62285850000626,8.62285850000626,8.62285850000626,8.62285850000626,8.518100800007232,0,,,0,,,1,[0.37675490000401624],[0.3767578999977559],0,,,fear,1,0,,,0,,,490889,001,2025-12-06_16h52.10.209,faces_experiment,,2025.1.1,132.7636886209827,2025-12-06 16h52.12.966266 +0100,
faces/004_o_m_f_a.jpg,fear,12,12,0,0,,,0,,,1,[0.29886330000590533],[0.298872700004722],0,,,0,,,0,,,0,12,12,4,8.62285850000626,,,,,,,,,8.615669399994658,8.62285850000626,8.788209799997276,8.78863110000384,8.80215849999513,8.80215849999513,8.80215849999513,8.80215849999513,8.80215849999513,8.80215849999513,9.10164100000111,0,,,0,,,1,[0.29886330000590533],[0.298872700004722],0,,,fear,1,0,,,0,,,490889,001,2025-12-06_16h52.10.209,faces_experiment,,2025.1.1,132.7636886209827,2025-12-06 16h52.12.966266 +0100,
faces/168_m_f_d_b.jpg,disgust,13,13,0,0,,,1,[0.8139308999961941],[0.8139357000036398],0,,,0,,,0,,,0,,,0,13,13,63,9.212748899997678,,,,,,,,,9.20499440000276,9.212748899997678,9.356853899997077,9.357202099999995,9.377651899994817,9.377651899994817,9.377651899994817,9.377651899994817,9.377651899994817,9.377651899994817,10.192057299995213,0,,,1,[0.8139308999961941],[0.8139357000036398],0,,,0,,,disgust,1,0,,,0,,,490889,001,2025-12-06_16h52.10.209,faces_experiment,,2025.1.1,132.7636886209827,2025-12-06 16h52.12.966266 +0100,
faces/066_y_m_a_a.jpg,anger,14,14,0,0,,,0,,,0,,,0,,,1,[0.355960300003062],[0.3559677000012016],0,,,0,14,14,12,10.289786299996194,,,,,,,,,10.281720099999802,10.289786299996194,10.454731300007552,10.456008099994506,10.46842380000453,10.46842380000453,10.46842380000453,10.46842380000453,10.46842380000453,10.46842380000453,10.824596399994334,0,,,0,,,0,,,0,,,neutrality,0,1,[0.355960300003062],[0.3559677000012016],0,,,490889,001,2025-12-06_16h52.10.209,faces_experiment,,2025.1.1,132.7636886209827,2025-12-06 16h52.12.966266 +0100,
faces/079_o_f_f_b.jpg,fear,15,15,0,0,,,0,,,0,,,0,,,0,,,1,[0.35533089999808],[0.355335100000957],0,15,15,29,10.933623100005207,,,,,,,,,10.925658399995882,10.933623100005207,11.08002540000598,11.08060210000258,11.09362699999474,11.09362699999474,11.09362699999474,11.09362699999474,11.09362699999474,11.09362699999474,11.449146900005871,0,,,0,,,0,,,0,,,sadness,0,0,,,1,[0.35533089999808],[0.355335100000957],490889,001,2025-12-06_16h52.10.209,faces_experiment,,2025.1.1,132.7636886209827,2025-12-06 16h52.12.966266 +0100,
faces/004_o_m_n_b.jpg,neutrality,16,16,0,0,,,0,,,1,[0.09609479999926407],[0.09609799999452662],0,,,0,,,0,,,0,16,16,9,11.577358900001855,,,,,,,,,11.56950890000735,11.577358900001855,11.705902800007607,11.706597700002021,11.726619199995184,11.726619199995184,11.726619199995184,11.726619199995184,11.726619199995184,11.726619199995184,11.823049600003287,0,,,0,,,1,[0.09609479999926407],[0.09609799999452662],0,,,fear,0,0,,,0,,,490889,001,2025-12-06_16h52.10.209,faces_experiment,,2025.1.1,132.7636886209827,2025-12-06 16h52.12.966266 +0100,
faces/140_y_f_d_a.jpg,disgust,17,17,0,0,,,1,[0.35224409999500494],[0.35224900000321213],0,,,0,,,0,,,0,,,0,17,17,50,11.937264199994388,,,,,,,,,11.929127499999595,11.937264199994388,12.082819000002928,12.083319700002903,12.10173730000679,12.10173730000679,12.10173730000679,12.10173730000679,12.10173730000679,12.10173730000679,12.454428900004132,0,,,1,[0.35224409999500494],[0.35224900000321213],0,,,0,,,disgust,1,0,,,0,,,490889,001,2025-12-06_16h52.10.209,faces_experiment,,2025.1.1,132.7636886209827,2025-12-06 16h52.12.966266 +0100,
faces/140_y_f_s_a.jpg,sadness,18,18,0,0,,,1,[0.1709021999995457],[0.17090580001240596],0,,,0,,,0,,,0,,,0,18,18,58,12.602007499997853,,,,,,,,,12.59360390000802,12.602007499997853,12.713023500007694,12.713717300008284,12.733582100001513,12.733582100001513,12.733582100001513,12.733582100001513,12.733582100001513,12.733582100001513,12.904890000005253,0,,,1,[0.1709021999995457],[0.17090580001240596],0,,,0,,,disgust,0,0,,,0,,,490889,001,2025-12-06_16h52.10.209,faces_experiment,,2025.1.1,132.7636886209827,2025-12-06 16h52.12.966266 +0100,
faces/004_o_m_h_b.jpg,happiness,19,19,0,0,,,1,[0.02906030000303872],[0.02906440000515431],0,,,0,,,0,,,0,,,0,19,19,7,13.012870799997472,,,,,,,,,13.004863800000749,13.012870799997472,13.15834910000558,13.158721600004355,13.179306100006215,13.179306100006215,13.179306100006215,13.179306100006215,13.179306100006215,13.179306100006215,13.208807899995008,0,,,1,[0.02906030000303872],[0.02906440000515431],0,,,0,,,disgust,0,0,,,0,,,490889,001,2025-12-06_16h52.10.209,faces_experiment,,2025.1.1,132.7636886209827,2025-12-06 16h52.12.966266 +0100,
faces/066_y_m_s_b.jpg,sadness,20,20,0,0,,,1,[0.017911399991135113],[0.01792060000298079],0,,,0,,,0,,,0,,,0,20,20,23,13.318353700000443,,,,,,,,,13.310477699997136,13.318353700000443,13.467172599994228,13.46766110000317,13.48612650000723,13.48612650000723,13.48612650000723,13.48612650000723,13.48612650000723,13.48612650000723,13.504740200005472,0,,,1,[0.017911399991135113],[0.01792060000298079],0,,,0,,,disgust,0,0,,,0,,,490889,001,2025-12-06_16h52.10.209,faces_experiment,,2025.1.1,132.7636886209827,2025-12-06 16h52.12.966266 +0100,
faces/066_y_m_h_a.jpg,happiness,21,21,0,0,,,1,[0.06818149999890011],[0.06819299999915529],0,,,0,,,0,,,0,,,0,21,21,18,13.624899700007518,,,,,,,,,13.61587779999536,13.624899700007518,13.757790799994837,13.758985099993879,13.772038199997041,13.772038199997041,13.772038199997041,13.772038199997041,13.772038199997041,13.772038199997041,13.840618200003519,0,,,1,[0.06818149999890011],[0.06819299999915529],0,,,0,,,disgust,0,0,,,0,,,490889,001,2025-12-06_16h52.10.209,faces_experiment,,2025.1.1,132.7636886209827,2025-12-06 16h52.12.966266 +0100,
faces/140_y_f_d_b.jpg,disgust,22,22,0,0,,,1,[0.001623400006792508],[0.00163569999858737],0,,,0,,,0,,,0,,,0,22,22,51,13.940943299996434,,,,,,,,,13.932788899997831,13.940943299996434,14.103099600004498,14.103285200006212,14.124108699994395,14.124108699994395,14.124108699994395,14.124108699994395,14.124108699994395,14.124108699994395,14.126206300003105,0,,,1,[0.001623400006792508],[0.00163569999858737],0,,,0,,,disgust,1,0,,,0,,,490889,001,2025-12-06_16h52.10.209,faces_experiment,,2025.1.1,132.7636886209827,2025-12-06 16h52.12.966266 +0100,
faces/066_y_m_n_a.jpg,neutrality,23,23,0,0,,,1,[0.27239910000935197],[0.2724047000083374],0,,,0,,,0,,,0,,,0,23,23,20,14.230039800007944,,,,,,,,,14.222554000007221,14.230039800007944,14.395009200001368,14.396006199996918,14.408572700005607,14.408572700005607,14.408572700005607,14.408572700005607,14.408572700005607,14.408572700005607,14.681648199999472,0,,,1,[0.27239910000935197],[0.2724047000083374],0,,,0,,,disgust,0,0,,,0,,,490889,001,2025-12-06_16h52.10.209,faces_experiment,,2025.1.1,132.7636886209827,2025-12-06 16h52.12.966266 +0100,
faces/116_m_m_a_a.jpg,anger,24,24,0,0,,,1,[0.16797769999539014],[0.16798579999885987],0,,,0,,,0,,,0,,,0,24,24,36,14.793130699996254,,,,,,,,,14.785923000003095,14.793130699996254,14.93690709999646,14.937205199996242,14.957665299996734,14.957665299996734,14.957665299996734,14.957665299996734,14.957665299996734,14.957665299996734,15.126446299997042,0,,,1,[0.16797769999539014],[0.16798579999885987],0,,,0,,,disgust,0,0,,,0,,,490889,001,2025-12-06_16h52.10.209,faces_experiment,,2025.1.1,132.7636886209827,2025-12-06 16h52.12.966266 +0100,
faces/116_m_m_s_b.jpg,sadness,25,25,0,0,,,1,[0.1674475000036182],[0.1674535000056494],0,,,0,,,0,,,0,,,0,25,25,47,15.228073499994935,,,,,,,,,15.219685500007472,15.228073499994935,15.389108000003034,15.390406899998197,15.409938099997817,15.409938099997817,15.409938099997817,15.409938099997817,15.409938099997817,15.409938099997817,15.577884700003779,0,,,1,[0.1674475000036182],[0.1674535000056494],0,,,0,,,disgust,0,0,,,0,,,490889,001,2025-12-06_16h52.10.209,faces_experiment,,2025.1.1,132.7636886209827,2025-12-06 16h52.12.966266 +0100,
faces/140_y_f_f_a.jpg,fear,26,26,0,0,,,1,[0.3610686999891186],[0.3610832999984268],0,,,0,,,0,,,0,,,0,26,26,52,15.710266399997636,,,,,,,,,15.701174300003913,15.710266399997636,15.828754899994237,15.830474500005948,15.84919059999811,15.84919059999811,15.84919059999811,15.84919059999811,15.84919059999811,15.84919059999811,16.211057900000014,0,,,1,[0.3610686999891186],[0.3610832999984268],0,,,0,,,disgust,0,0,,,0,,,490889,001,2025-12-06_16h52.10.209,faces_experiment,,2025.1.1,132.7636886209827,2025-12-06 16h52.12.966266 +0100,
faces/140_y_f_h_b.jpg,happiness,27,27,0,0,,,1,[0.08445039999787696],[0.08445429999846965],0,,,0,,,0,,,0,,,0,27,27,55,16.320707399994717,,,,,,,,,16.31359770000563,16.320707399994717,16.465736600002856,16.465932299994165,16.486498400001437,16.486498400001437,16.486498400001437,16.486498400001437,16.486498400001437,16.486498400001437,16.571342600000207,0,,,1,[0.08445039999787696],[0.08445429999846965],0,,,0,,,disgust,0,0,,,0,,,490889,001,2025-12-06_16h52.10.209,faces_experiment,,2025.1.1,132.7636886209827,2025-12-06 16h52.12.966266 +0100,
faces/079_o_f_s_a.jpg,sadness,28,28,0,0,,,1,[0.03242749998753425],[0.03243499998643529],0,,,0,,,0,,,0,,,0,28,28,34,16.6864659999992,,,,,,,,,16.678970199995092,16.6864659999992,16.834661300003063,16.835167099998216,16.850846100001945,16.850846100001945,16.850846100001945,16.850846100001945,16.850846100001945,16.850846100001945,16.883952799995313,0,,,1,[0.03242749998753425],[0.03243499998643529],0,,,0,,,disgust,0,0,,,0,,,490889,001,2025-12-06_16h52.10.209,faces_experiment,,2025.1.1,132.7636886209827,2025-12-06 16h52.12.966266 +0100,
faces/168_m_f_a_b.jpg,anger,29,29,0,0,,,1,[0.0002615000121295452],[0.00026440000510774553],0,,,0,,,0,,,0,,,0,29,29,61,16.99931369999831,,,,,,,,,16.990744900002028,16.99931369999831,17.14686910000455,17.147166499999003,17.160381800000323,17.160381800000323,17.160381800000323,17.160381800000323,17.160381800000323,17.160381800000323,17.160934900006396,0,,,1,[0.0002615000121295452],[0.00026440000510774553],0,,,0,,,disgust,0,0,,,0,,,490889,001,2025-12-06_16h52.10.209,faces_experiment,,2025.1.1,132.7636886209827,2025-12-06 16h52.12.966266 +0100,
faces/079_o_f_d_a.jpg,disgust,30,30,0,0,,,1,[0.03600180000648834],[0.03600639999785926],0,,,0,,,0,,,0,,,0,30,30,26,17.279695200006245,,,,,,,,,17.27033189999929,17.279695200006245,17.411268399999244,17.411661899997853,17.42459979999694,17.42459979999694,17.42459979999694,17.42459979999694,17.42459979999694,17.42459979999694,17.46099750000576,0,,,1,[0.03600180000648834],[0.03600639999785926],0,,,0,,,disgust,1,0,,,0,,,490889,001,2025-12-06_16h52.10.209,faces_experiment,,2025.1.1,132.7636886209827,2025-12-06 16h52.12.966266 +0100,
faces/066_y_m_s_a.jpg,sadness,31,31,0,0,,,1,[0.039001699988148175],[0.03900900000007823],0,,,0,,,0,,,0,,,0,31,31,22,17.570334400006686,,,,,,,,,17.562545599997975,17.570334400006686,17.716744000004837,17.717009400003008,17.729434599998058,17.729434599998058,17.729434599998058,17.729434599998058,17.729434599998058,17.729434599998058,17.76942539999436,0,,,1,[0.039001699988148175],[0.03900900000007823],0,,,0,,,disgust,0,0,,,0,,,490889,001,2025-12-06_16h52.10.209,faces_experiment,,2025.1.1,132.7636886209827,2025-12-06 16h52.12.966266 +0100,
faces/140_y_f_n_b.jpg,neutrality,32,32,0,0,,,1,[0.036387600004673004],[0.03639639999892097],0,,,0,,,0,,,0,,,0,32,32,57,17.882057599999825,,,,,,,,,17.874896399996942,17.882057599999825,18.029731600006926,18.03010180000274,18.043856300006155,18.043856300006155,18.043856300006155,18.043856300006155,18.043856300006155,18.043856300006155,18.080962000007275,0,,,1,[0.036387600004673004],[0.03639639999892097],0,,,0,,,disgust,0,0,,,0,,,490889,001,2025-12-06_16h52.10.209,faces_experiment,,2025.1.1,132.7636886209827,2025-12-06 16h52.12.966266 +0100,
faces/168_m_f_a_a.jpg,anger,33,33,0,0,,,1,[0.21501210000133142],[0.21501860000716988],0,,,0,,,0,,,0,,,0,33,33,60,18.191817200000514,,,,,,,,,18.183203599997796,18.191817200000514,18.33578269999998,18.337186899996595,18.356093299997156,18.356093299997156,18.356093299997156,18.356093299997156,18.356093299997156,18.356093299997156,18.571567299994058,0,,,1,[0.21501210000133142],[0.21501860000716988],0,,,0,,,disgust,0,0,,,0,,,490889,001,2025-12-06_16h52.10.209,faces_experiment,,2025.1.1,132.7636886209827,2025-12-06 16h52.12.966266 +0100,
faces/004_o_m_h_a.jpg,happiness,34,34,0,0,,,1,[0.3827293000067584],[0.3827352999942377],0,,,0,,,0,,,0,,,0,34,34,6,18.672655800008215,,,,,,,,,18.665131600006134,18.672655800008215,18.82210119999945,18.823248700005934,18.836026699995273,18.836026699995273,18.836026699995273,18.836026699995273,18.836026699995273,18.836026699995273,19.219302700003027,0,,,1,[0.3827293000067584],[0.3827352999942377],0,,,0,,,disgust,0,0,,,0,,,490889,001,2025-12-06_16h52.10.209,faces_experiment,,2025.1.1,132.7636886209827,2025-12-06 16h52.12.966266 +0100,
faces/168_m_f_d_a.jpg,disgust,35,35,0,0,,,1,[0.1198749999894062],[0.11988559999736026],0,,,0,,,0,,,0,,,0,35,35,62,19.330237899994245,,,,,,,,,19.322763200005284,19.330237899994245,19.474904200003948,19.47586940000474,19.49582399999781,19.49582399999781,19.49582399999781,19.49582399999781,19.49582399999781,19.49582399999781,19.616350299998885,0,,,1,[0.1198749999894062],[0.11988559999736026],0,,,0,,,disgust,1,0,,,0,,,490889,001,2025-12-06_16h52.10.209,faces_experiment,,2025.1.1,132.7636886209827,2025-12-06 16h52.12.966266 +0100,
faces/004_o_m_a_b.jpg,anger,36,36,0,0,,,1,[0.23959589999867603],[0.23960110000916757],0,,,0,,,0,,,0,,,0,36,36,1,19.723835800003144,,,,,,,,,19.715766099994653,19.723835800003144,19.87104630000249,19.87213950000296,19.88382509999792,19.88382509999792,19.88382509999792,19.88382509999792,19.88382509999792,19.88382509999792,20.123868700000457,0,,,1,[0.23959589999867603],[0.23960110000916757],0,,,0,,,disgust,0,0,,,0,,,490889,001,2025-12-06_16h52.10.209,faces_experiment,,2025.1.1,132.7636886209827,2025-12-06 16h52.12.966266 +0100,
faces/079_o_f_d_b.jpg,disgust,37,37,0,0,,,1,[0.2161911000002874],[0.21619839999766555],0,,,0,,,0,,,0,,,0,37,37,27,20.265068099994096,,,,,,,,,20.255523300002096,20.265068099994096,20.378708599993843,20.379968599998392,20.391556500006118,20.391556500006118,20.391556500006118,20.391556500006118,20.391556500006118,20.391556500006118,20.608347200002754,0,,,1,[0.2161911000002874],[0.21619839999766555],0,,,0,,,disgust,1,0,,,0,,,490889,001,2025-12-06_16h52.10.209,faces_experiment,,2025.1.1,132.7636886209827,2025-12-06 16h52.12.966266 +0100,
faces/168_m_f_h_b.jpg,happiness,38,38,0,0,,,1,[0.04947620000166353],[0.04948460000741761],0,,,0,,,0,,,0,,,0,38,38,67,20.715972499994677,,,,,,,,,20.707723800005624,20.715972499994677,20.864307299998472,20.8645436999941,20.87803029999486,20.87803029999486,20.87803029999486,20.87803029999486,20.87803029999486,20.87803029999486,20.928053299998282,0,,,1,[0.04947620000166353],[0.04948460000741761],0,,,0,,,disgust,0,0,,,0,,,490889,001,2025-12-06_16h52.10.209,faces_experiment,,2025.1.1,132.7636886209827,2025-12-06 16h52.12.966266 +0100,
faces/168_m_f_s_b.jpg,sadness,39,39,0,0,,,1,[0.13263050001114607],[0.1326384000130929],0,,,0,,,0,,,0,,,0,39,39,71,21.03862510000181,,,,,,,,,21.03060290000576,21.03862510000181,21.18579740000132,21.186872599995695,21.20614690000366,21.20614690000366,21.20614690000366,21.20614690000366,21.20614690000366,21.20614690000366,21.34001200000057,0,,,1,[0.13263050001114607],[0.1326384000130929],0,,,0,,,disgust,0,0,,,0,,,490889,001,2025-12-06_16h52.10.209,faces_experiment,,2025.1.1,132.7636886209827,2025-12-06 16h52.12.966266 +0100,
faces/140_y_f_a_a.jpg,anger,40,40,0,0,,,1,[0.08407939999597147],[0.08408800000324845],0,,,0,,,0,,,0,,,0,40,40,48,21.453598499996588,,,,,,,,,21.445533699996304,21.453598499996588,21.60153739999805,21.60185590000765,21.61554339999566,21.61554339999566,21.61554339999566,21.61554339999566,21.61554339999566,21.61554339999566,21.700225900000078,0,,,1,[0.08407939999597147],[0.08408800000324845],0,,,0,,,disgust,0,0,,,0,,,490889,001,2025-12-06_16h52.10.209,faces_experiment,,2025.1.1,132.7636886209827,2025-12-06 16h52.12.966266 +0100,
faces/066_y_m_a_b.jpg,anger,41,41,0,0,,,1,[0.2370874000043841],[0.23709080000116955],0,,,0,,,0,,,0,,,0,41,41,13,21.79788890000782,,,,,,,,,21.789732100005494,21.79788890000782,21.96311159999459,21.963464500004193,21.97670400000061,21.97670400000061,21.97670400000061,21.97670400000061,21.97670400000061,21.97670400000061,22.214150100000552,0,,,1,[0.2370874000043841],[0.23709080000116955],0,,,0,,,disgust,0,0,,,0,,,490889,001,2025-12-06_16h52.10.209,faces_experiment,,2025.1.1,132.7636886209827,2025-12-06 16h52.12.966266 +0100,
faces/116_m_m_n_a.jpg,neutrality,42,42,0,0,,,1,[0.15430549999291543],[0.15431230000103824],0,,,0,,,0,,,0,,,0,42,42,44,22.319949700002326,,,,,,,,,22.311395900003845,22.319949700002326,22.484502000006614,22.48549560000538,22.49752940000326,22.49752940000326,22.49752940000326,22.49752940000326,22.49752940000326,22.49752940000326,22.652355400001397,0,,,1,[0.15430549999291543],[0.15431230000103824],0,,,0,,,disgust,0,0,,,0,,,490889,001,2025-12-06_16h52.10.209,faces_experiment,,2025.1.1,132.7636886209827,2025-12-06 16h52.12.966266 +0100,
faces/116_m_m_h_a.jpg,happiness,43,43,0,0,,,1,[0.2029566999990493],[0.2029676000092877],0,,,0,,,0,,,0,,,0,43,43,42,22.7588420999964,,,,,,,,,22.750736999994842,22.7588420999964,22.908252399996854,22.909192000006442,22.921915200000512,22.921915200000512,22.921915200000512,22.921915200000512,22.921915200000512,22.921915200000512,23.12569670000812,0,,,1,[0.2029566999990493],[0.2029676000092877],0,,,0,,,disgust,0,0,,,0,,,490889,001,2025-12-06_16h52.10.209,faces_experiment,,2025.1.1,132.7636886209827,2025-12-06 16h52.12.966266 +0100,
faces/079_o_f_s_b.jpg,sadness,44,44,0,0,,,1,[0.16540379999787547],[0.1654121000028681],0,,,0,,,0,,,0,,,0,44,44,35,23.229626200001803,,,,,,,,,23.221306000006734,23.229626200001803,23.394450199994026,23.395630200000596,23.414841699996032,23.414841699996032,23.414841699996032,23.414841699996032,23.414841699996032,23.414841699996032,23.58080609999888,0,,,1,[0.16540379999787547],[0.1654121000028681],0,,,0,,,disgust,0,0,,,0,,,490889,001,2025-12-06_16h52.10.209,faces_experiment,,2025.1.1,132.7636886209827,2025-12-06 16h52.12.966266 +0100,
faces/168_m_f_n_a.jpg,neutrality,45,45,0,0,,,1,[0.21413749999192078],[0.21414179999555927],0,,,0,,,0,,,0,,,0,45,45,68,23.70413230000122,,,,,,,,,23.69559420000587,23.70413230000122,23.832372699995176,23.83371469999838,23.854985800004215,23.854985800004215,23.854985800004215,23.854985800004215,23.854985800004215,23.854985800004215,24.069647399999667,0,,,1,[0.21413749999192078],[0.21414179999555927],0,,,0,,,disgust,0,0,,,0,,,490889,001,2025-12-06_16h52.10.209,faces_experiment,,2025.1.1,132.7636886209827,2025-12-06 16h52.12.966266 +0100,
faces/066_y_m_d_a.jpg,disgust,46,46,0,0,,,1,[0.1991493000095943],[0.19915390000096522],0,,,0,,,0,,,0,,,0,46,46,14,24.176156800007448,,,,,,,,,24.16789539999445,24.176156800007448,24.328534300002502,24.330067200004123,24.342718400002923,24.342718400002923,24.342718400002923,24.342718400002923,24.342718400002923,24.342718400002923,24.542291499994462,0,,,1,[0.1991493000095943],[0.19915390000096522],0,,,0,,,disgust,1,0,,,0,,,490889,001,2025-12-06_16h52.10.209,faces_experiment,,2025.1.1,132.7636886209827,2025-12-06 16h52.12.966266 +0100,
faces/168_m_f_f_a.jpg,fear,47,47,0,0,,,1,[0.14869600000383798],[0.14870520000113174],0,,,0,,,0,,,0,,,0,47,47,64,24.653924300000654,,,,,,,,,24.646145499995328,24.653924300000654,24.798254699999234,24.799102599994512,24.818442899995716,24.818442899995716,24.818442899995716,24.818442899995716,24.818442899995716,24.818442899995716,24.96796730000642,0,,,1,[0.14869600000383798],[0.14870520000113174],0,,,0,,,disgust,0,0,,,0,,,490889,001,2025-12-06_16h52.10.209,faces_experiment,,2025.1.1,132.7636886209827,2025-12-06 16h52.12.966266 +0100,
faces/004_o_m_s_b.jpg,sadness,48,48,0,0,,,1,[0.1175987000024179],[0.11760470000444911],0,,,0,,,0,,,0,,,0,48,48,11,25.073727700000745,,,,,,,,,25.065908599994145,25.073727700000745,25.222632000004523,25.223108100006357,25.23571150000498,25.23571150000498,25.23571150000498,25.23571150000498,25.23571150000498,25.23571150000498,25.35373060000711,0,,,1,[0.1175987000024179],[0.11760470000444911],0,,,0,,,disgust,0,0,,,0,,,490889,001,2025-12-06_16h52.10.209,faces_experiment,,2025.1.1,132.7636886209827,2025-12-06 16h52.12.966266 +0100,
faces/168_m_f_s_a.jpg,sadness,49,49,0,0,,,1,[0.321456899997429],[0.32146300000022165],0,,,0,,,0,,,0,,,0,49,49,70,25.470229300000938,,,,,,,,,25.462419600007706,25.470229300000938,25.621884499996668,25.62383630000113,25.643642199996975,25.643642199996975,25.643642199996975,25.643642199996975,25.643642199996975,25.643642199996975,25.965815600007772,0,,,1,[0.321456899997429],[0.32146300000022165],0,,,0,,,disgust,0,0,,,0,,,490889,001,2025-12-06_16h52.10.209,faces_experiment,,2025.1.1,132.7636886209827,2025-12-06 16h52.12.966266 +0100,
faces/079_o_f_f_a.jpg,fear,50,50,0,0,,,1,[0.015048100001877174],[0.015053199997055344],0,,,0,,,0,,,0,,,0,50,50,28,26.106307499998366,,,,,,,,,26.097703100007493,26.106307499998366,26.223335000002407,26.223698899993906,26.23568019999948,26.23568019999948,26.23568019999948,26.23568019999948,26.23568019999948,26.23568019999948,26.25125489999482,0,,,1,[0.015048100001877174],[0.015053199997055344],0,,,0,,,disgust,0,0,,,0,,,490889,001,2025-12-06_16h52.10.209,faces_experiment,,2025.1.1,132.7636886209827,2025-12-06 16h52.12.966266 +0100,
faces/079_o_f_n_a.jpg,neutrality,51,51,0,0,,,1,[0.06311829999322072],[0.063122999999905],0,,,0,,,0,,,0,,,0,51,51,32,26.38016770000104,,,,,,,,,26.371973200002685,26.38016770000104,26.509040899996762,26.509588800006895,26.528803599998355,26.528803599998355,26.528803599998355,26.528803599998355,26.528803599998355,26.528803599998355,26.59238450000703,0,,,1,[0.06311829999322072],[0.063122999999905],0,,,0,,,disgust,0,0,,,0,,,490889,001,2025-12-06_16h52.10.209,faces_experiment,,2025.1.1,132.7636886209827,2025-12-06 16h52.12.966266 +0100,
faces/168_m_f_h_a.jpg,happiness,52,52,0,0,,,1,[0.40345140000863466],[0.4034557999984827],0,,,0,,,0,,,0,,,0,52,52,66,26.713142499997048,,,,,,,,,26.704802299995208,26.713142499997048,26.86291120000533,26.864762099998188,26.878604199999245,26.878604199999245,26.878604199999245,26.878604199999245,26.878604199999245,26.878604199999245,27.282507600000827,0,,,1,[0.40345140000863466],[0.4034557999984827],0,,,0,,,disgust,0,0,,,0,,,490889,001,2025-12-06_16h52.10.209,faces_experiment,,2025.1.1,132.7636886209827,2025-12-06 16h52.12.966266 +0100,
faces/079_o_f_a_b.jpg,anger,53,53,0,0,,,1,[0.20420029999513645],[0.20420439999725204],0,,,0,,,0,,,0,,,0,53,53,25,27.39691340000718,,,,,,,,,27.388546700007282,27.39691340000718,27.544423600003938,27.54587800000445,27.556934399995953,27.556934399995953,27.556934399995953,27.556934399995953,27.556934399995953,27.556934399995953,27.762042899994412,0,,,1,[0.20420029999513645],[0.20420439999725204],0,,,0,,,disgust,0,0,,,0,,,490889,001,2025-12-06_16h52.10.209,faces_experiment,,2025.1.1,132.7636886209827,2025-12-06 16h52.12.966266 +0100,
faces/168_m_f_f_b.jpg,fear,54,54,0,0,,,1,[0.2512380999978632],[0.251242700003786],0,,,0,,,0,,,0,,,0,54,54,65,27.889016900007846,,,,,,,,,27.880403799994383,27.889016900007846,28.017115299997386,28.01821409999684,28.036950199995772,28.036950199995772,28.036950199995772,28.036950199995772,28.036950199995772,28.036950199995772,28.28859399999783,0,,,1,[0.2512380999978632],[0.251242700003786],0,,,0,,,disgust,0,0,,,0,,,490889,001,2025-12-06_16h52.10.209,faces_experiment,,2025.1.1,132.7636886209827,2025-12-06 16h52.12.966266 +0100,
faces/066_y_m_d_b.jpg,disgust,55,55,0,0,,,1,[0.27375219999521505],[0.27375569999276195],0,,,0,,,0,,,0,,,0,55,55,15,28.404443200008245,,,,,,,,,28.395596899994416,28.404443200008245,28.550419799998053,28.550826100006816,28.56350129999919,28.56350129999919,28.56350129999919,28.56350129999919,28.56350129999919,28.56350129999919,28.837678500000038,0,,,1,[0.27375219999521505],[0.27375569999276195],0,,,0,,,disgust,1,0,,,0,,,490889,001,2025-12-06_16h52.10.209,faces_experiment,,2025.1.1,132.7636886209827,2025-12-06 16h52.12.966266 +0100,
faces/066_y_m_f_b.jpg,fear,56,56,0,0,,,1,[0.16647469998861197],[0.16647979999834206],0,,,0,,,0,,,0,,,0,56,56,17,28.95852400000149,,,,,,,,,28.951172999994014,28.95852400000149,29.10733889999392,29.107645199997933,29.121695199995884,29.121695199995884,29.121695199995884,29.121695199995884,29.121695199995884,29.121695199995884,29.28870520000055,0,,,1,[0.16647469998861197],[0.16647979999834206],0,,,0,,,disgust,0,0,,,0,,,490889,001,2025-12-06_16h52.10.209,faces_experiment,,2025.1.1,132.7636886209827,2025-12-06 16h52.12.966266 +0100,
faces/066_y_m_f_a.jpg,fear,57,57,0,0,,,1,[0.1537252999987686],[0.1537354000029154],0,,,0,,,0,,,0,,,0,57,57,16,29.38115000000107,,,,,,,,,29.373831699995208,29.38115000000107,29.54470620000211,29.545107700003427,29.55816290000803,29.55816290000803,29.55816290000803,29.55816290000803,29.55816290000803,29.55816290000803,29.712548399998923,0,,,1,[0.1537252999987686],[0.1537354000029154],0,,,0,,,disgust,0,0,,,0,,,490889,001,2025-12-06_16h52.10.209,faces_experiment,,2025.1.1,132.7636886209827,2025-12-06 16h52.12.966266 +0100,
faces/116_m_m_a_b.jpg,anger,58,58,0,0,,,1,[0.09471279999706894],[0.0947158000053605],0,,,0,,,0,,,0,,,0,58,58,37,29.82316830000491,,,,,,,,,29.815439800004242,29.82316830000491,29.970433900001808,29.970845000003465,29.991667499998584,29.991667499998584,29.991667499998584,29.991667499998584,29.991667499998584,29.991667499998584,30.08700040000258,0,,,1,[0.09471279999706894],[0.0947158000053605],0,,,0,,,disgust,0,0,,,0,,,490889,001,2025-12-06_16h52.10.209,faces_experiment,,2025.1.1,132.7636886209827,2025-12-06 16h52.12.966266 +0100,
faces/140_y_f_a_b.jpg,anger,59,59,0,0,,,1,[0.08345350000308827],[0.08345679999911226],0,,,0,,,0,,,0,,,0,59,59,49,30.198513700001058,,,,,,,,,30.19078069999523,30.198513700001058,30.344788600006723,30.34514869999839,30.364637399994535,30.364637399994535,30.364637399994535,30.364637399994535,30.364637399994535,30.364637399994535,30.448420900007477,0,,,1,[0.08345350000308827],[0.08345679999911226],0,,,0,,,disgust,0,0,,,0,,,490889,001,2025-12-06_16h52.10.209,faces_experiment,,2025.1.1,132.7636886209827,2025-12-06 16h52.12.966266 +0100,
faces/004_o_m_a_a.jpg,anger,60,60,0,0,,,1,[0.03567119999206625],[0.03567559999646619],0,,,0,,,0,,,0,,,0,60,60,0,30.555859600004624,,,,,,,,,30.546894800005248,30.555859600004624,30.70511360000819,30.705377300007967,30.718482600001153,30.718482600001153,30.718482600001153,30.718482600001153,30.718482600001153,30.718482600001153,30.754600900007063,0,,,1,[0.03567119999206625],[0.03567559999646619],0,,,0,,,disgust,0,0,,,0,,,490889,001,2025-12-06_16h52.10.209,faces_experiment,,2025.1.1,132.7636886209827,2025-12-06 16h52.12.966266 +0100,
faces/066_y_m_h_b.jpg,happiness,61,61,0,0,,,1,[0.24260620000131894],[0.2426094000111334],0,,,0,,,0,,,0,,,0,61,61,19,30.859181399995578,,,,,,,,,30.851681500003906,30.859181399995578,31.02725620000274,31.029629500000738,31.04625919999671,31.04625919999671,31.04625919999671,31.04625919999671,31.04625919999671,31.04625919999671,31.289183800006867,0,,,1,[0.24260620000131894],[0.2426094000111334],0,,,0,,,disgust,0,0,,,0,,,490889,001,2025-12-06_16h52.10.209,faces_experiment,,2025.1.1,132.7636886209827,2025-12-06 16h52.12.966266 +0100,
faces/116_m_m_n_b.jpg,neutrality,62,62,0,0,,,1,[0.09759730000223499],[0.09760039999673609],0,,,0,,,0,,,0,,,0,62,62,45,31.396564900001977,,,,,,,,,31.38829240000632,31.396564900001977,31.548024100004113,31.54841160000069,31.559348700000555,31.559348700000555,31.559348700000555,31.559348700000555,31.559348700000555,31.559348700000555,31.657676300004823,0,,,1,[0.09759730000223499],[0.09760039999673609],0,,,0,,,disgust,0,0,,,0,,,490889,001,2025-12-06_16h52.10.209,faces_experiment,,2025.1.1,132.7636886209827,2025-12-06 16h52.12.966266 +0100,
faces/004_o_m_d_b.jpg,disgust,63,63,0,0,,,1,[0.14332640000793617],[0.14333590000751428],0,,,0,,,0,,,0,,,0,63,63,3,31.76745590000064,,,,,,,,,31.759971100007533,31.76745590000064,31.914212500007125,31.91473390000465,31.928106799998204,31.928106799998204,31.928106799998204,31.928106799998204,31.928106799998204,31.928106799998204,32.0719667999947,0,,,1,[0.14332640000793617],[0.14333590000751428],0,,,0,,,disgust,1,0,,,0,,,490889,001,2025-12-06_16h52.10.209,faces_experiment,,2025.1.1,132.7636886209827,2025-12-06 16h52.12.966266 +0100,
faces/116_m_m_d_a.jpg,disgust,64,64,0,0,,,1,[0.13107070000842214],[0.13107529999979306],0,,,0,,,0,,,0,,,0,64,64,38,32.191737900007865,,,,,,,,,32.1836886999954,32.191737900007865,32.32465550000779,32.32515849999618,32.33979359999648,32.33979359999648,32.33979359999648,32.33979359999648,32.33979359999648,32.33979359999648,32.4713167000009,0,,,1,[0.13107070000842214],[0.13107529999979306],0,,,0,,,disgust,1,0,,,0,,,490889,001,2025-12-06_16h52.10.209,faces_experiment,,2025.1.1,132.7636886209827,2025-12-06 16h52.12.966266 +0100,
faces/116_m_m_s_a.jpg,sadness,65,65,0,0,,,1,[0.16820910001115408],[0.16821560000244062],0,,,0,,,0,,,0,,,0,65,65,46,32.5744013999938,,,,,,,,,32.566070800006855,32.5744013999938,32.73370949999662,32.73401179999928,32.75467870000284,32.75467870000284,32.75467870000284,32.75467870000284,32.75467870000284,32.75467870000284,32.923343600006774,0,,,1,[0.16820910001115408],[0.16821560000244062],0,,,0,,,disgust,0,0,,,0,,,490889,001,2025-12-06_16h52.10.209,faces_experiment,,2025.1.1,132.7636886209827,2025-12-06 16h52.12.966266 +0100,
faces/140_y_f_s_b.jpg,sadness,66,66,0,0,,,1,[0.11948159999155905],[0.11948779999511316],0,,,0,,,0,,,0,,,0,66,66,59,33.030511200006,,,,,,,,,33.02271570000448,33.030511200006,33.179534499999136,33.18061399999715,33.191622400001506,33.191622400001506,33.191622400001506,33.191622400001506,33.191622400001506,33.191622400001506,33.311647900001844,0,,,1,[0.11948159999155905],[0.11948779999511316],0,,,0,,,disgust,0,0,,,0,,,490889,001,2025-12-06_16h52.10.209,faces_experiment,,2025.1.1,132.7636886209827,2025-12-06 16h52.12.966266 +0100,
faces/079_o_f_h_a.jpg,happiness,67,67,0,0,,,1,[0.11732179998944048],[0.11732520000077784],0,,,0,,,0,,,0,,,0,67,67,30,33.42689810000593,,,,,,,,,33.41647710000689,33.42689810000593,33.56820249999873,33.56901960000687,33.59101560000272,33.59101560000272,33.59101560000272,33.59101560000272,33.59101560000272,33.59101560000272,33.708772700003465,0,,,1,[0.11732179998944048],[0.11732520000077784],0,,,0,,,disgust,0,0,,,0,,,490889,001,2025-12-06_16h52.10.209,faces_experiment,,2025.1.1,132.7636886209827,2025-12-06 16h52.12.966266 +0100,
faces/004_o_m_s_a.jpg,sadness,68,68,0,0,,,1,[0.12031280000519473],[0.12031650000426453],0,,,0,,,0,,,0,,,0,68,68,10,33.81317910000507,,,,,,,,,33.80511590000242,33.81317910000507,33.97852689999854,33.97943619999569,33.991307999996934,33.991307999996934,33.991307999996934,33.991307999996934,33.991307999996934,33.991307999996934,34.111971899998025,0,,,1,[0.12031280000519473],[0.12031650000426453],0,,,0,,,disgust,0,0,,,0,,,490889,001,2025-12-06_16h52.10.209,faces_experiment,,2025.1.1,132.7636886209827,2025-12-06 16h52.12.966266 +0100,
faces/168_m_f_n_b.jpg,neutrality,69,69,0,0,,,1,[0.13261499999498483],[0.13262210000539199],0,,,0,,,0,,,0,,,0,69,69,69,34.22204370000691,,,,,,,,,34.21313839999493,34.22204370000691,34.36780969999381,34.36856630000693,34.38802329999453,34.38802329999453,34.38802329999453,34.38802329999453,34.38802329999453,34.38802329999453,34.521073399999295,0,,,1,[0.13261499999498483],[0.13262210000539199],0,,,0,,,disgust,0,0,,,0,,,490889,001,2025-12-06_16h52.10.209,faces_experiment,,2025.1.1,132.7636886209827,2025-12-06 16h52.12.966266 +0100,
faces/116_m_m_d_b.jpg,disgust,70,70,0,0,,,1,[0.05126399999426212],[0.05127500000526197],0,,,0,,,0,,,0,,,0,70,70,39,34.61948769999435,,,,,,,,,34.61139530000219,34.61948769999435,34.784815699997125,34.78525090000767,34.796788699997705,34.796788699997705,34.796788699997705,34.796788699997705,34.796788699997705,34.796788699997705,34.849008699995466,0,,,1,[0.05126399999426212],[0.05127500000526197],0,,,0,,,disgust,1,0,,,0,,,490889,001,2025-12-06_16h52.10.209,faces_experiment,,2025.1.1,132.7636886209827,2025-12-06 16h52.12.966266 +0100,
faces/140_y_f_n_a.jpg,neutrality,71,71,0,0,,,1,[1.1131246000004467],[1.1131278000102611],0,,,0,,,0,,,0,,,0,71,71,56,34.958630399996764,,,,,,,,,34.95122519999859,34.958630399996764,35.10431229999813,35.10463240000536,35.12688700000581,35.12688700000581,35.12688700000581,35.12688700000581,35.12688700000581,35.12688700000581,36.24040579999564,0,,,1,[1.1131246000004467],[1.1131278000102611],0,,,0,,,disgust,0,0,,,0,,,490889,001,2025-12-06_16h52.10.209,faces_experiment,,2025.1.1,132.7636886209827,2025-12-06 16h52.12.966266 +0100,
faces/168_m_f_f_a.jpg,fear,72,0,1,0,,,1,[0.48650759999873117],[0.4865131999977166],0,,,0,,,0,,,0,,,1,0,72,64,36.32472119999875,,,,,,,,,36.31574499999988,36.32472119999875,36.50794270000188,36.508184999998775,36.52163170000131,36.52163170000131,36.52163170000131,36.52163170000131,36.52163170000131,36.52163170000131,37.00856800000474,0,,,1,[0.48650759999873117],[0.4865131999977166],0,,,0,,,disgust,0,0,,,0,,,490889,001,2025-12-06_16h52.10.209,faces_experiment,,2025.1.1,132.7636886209827,2025-12-06 16h52.12.966266 +0100,
faces/116_m_m_n_a.jpg,neutrality,73,1,1,0,,,1,[0.40580219999537803],[0.40580839999893215],0,,,0,,,0,,,0,,,1,1,73,44,37.09981240000343,,,,,,,,,37.091860900007305,37.09981240000343,37.265663900005165,37.26588380000612,37.278848800007836,37.278848800007836,37.278848800007836,37.278848800007836,37.278848800007836,37.278848800007836,37.68530009999813,0,,,1,[0.40580219999537803],[0.40580839999893215],0,,,0,,,disgust,0,0,,,0,,,490889,001,2025-12-06_16h52.10.209,faces_experiment,,2025.1.1,132.7636886209827,2025-12-06 16h52.12.966266 +0100,
faces/004_o_m_h_b.jpg,happiness,74,2,1,0,,,1,[0.3910317000118084],[0.39103610000165645],0,,,0,,,0,,,0,,,1,2,74,7,37.76560500000778,,,,,,,,,37.758728900007554,37.76560500000778,37.946308300000965,37.9466570999939,37.95915850000165,37.95915850000165,37.95915850000165,37.95915850000165,37.95915850000165,37.95915850000165,38.35070110000379,0,,,1,[0.3910317000118084],[0.39103610000165645],0,,,0,,,disgust,0,0,,,0,,,490889,001,2025-12-06_16h52.10.209,faces_experiment,,2025.1.1,132.7636886209827,2025-12-06 16h52.12.966266 +0100,
faces/140_y_f_h_a.jpg,happiness,75,3,1,0,,,1,[0.2500661000085529],[0.25007030001142994],0,,,0,,,0,,,0,,,1,3,75,54,38.462289999995846,,,,,,,,,38.45499149999523,38.462289999995846,38.60654300000169,38.60682820000511,38.62716829999408,38.62716829999408,38.62716829999408,38.62716829999408,38.62716829999408,38.62716829999408,38.877674600007595,0,,,1,[0.2500661000085529],[0.25007030001142994],0,,,0,,,disgust,0,0,,,0,,,490889,001,2025-12-06_16h52.10.209,faces_experiment,,2025.1.1,132.7636886209827,2025-12-06 16h52.12.966266 +0100,
faces/168_m_f_n_b.jpg,neutrality,76,4,1,0,,,1,[0.43921330000739545],[0.43921720000798814],0,,,0,,,0,,,0,,,1,4,76,69,38.964572900003986,,,,,,,,,38.957017599997926,38.964572900003986,39.127940799997305,39.12829180000699,39.14064339999459,39.14064339999459,39.14064339999459,39.14064339999459,39.14064339999459,39.14064339999459,39.58023360000516,0,,,1,[0.43921330000739545],[0.43921720000798814],0,,,0,,,disgust,0,0,,,0,,,490889,001,2025-12-06_16h52.10.209,faces_experiment,,2025.1.1,132.7636886209827,2025-12-06 16h52.12.966266 +0100,
faces/168_m_f_d_b.jpg,disgust,77,5,1,0,,,1,[0.12315790000138804],[0.12316139999893494],0,,,0,,,0,,,0,,,1,5,77,63,39.66134320000128,,,,,,,,,39.653620500001125,39.66134320000128,39.843909700008226,39.844290699998965,39.85614180000266,39.85614180000266,39.85614180000266,39.85614180000266,39.85614180000266,39.85614180000266,39.97973120000097,0,,,1,[0.12315790000138804],[0.12316139999893494],0,,,0,,,disgust,1,0,,,0,,,490889,001,2025-12-06_16h52.10.209,faces_experiment,,2025.1.1,132.7636886209827,2025-12-06 16h52.12.966266 +0100,
faces/140_y_f_d_b.jpg,disgust,78,6,1,0,,,1,[0.07296620000852272],[0.07297580000886228],0,,,0,,,0,,,0,,,1,6,78,51,40.06921940000029,,,,,,,,,40.061154399998486,40.06921940000029,40.23354349999863,40.234016600006726,40.2466773000051,40.2466773000051,40.2466773000051,40.2466773000051,40.2466773000051,40.2466773000051,40.32028719999653,0,,,1,[0.07296620000852272],[0.07297580000886228],0,,,0,,,disgust,1,0,,,0,,,490889,001,2025-12-06_16h52.10.209,faces_experiment,,2025.1.1,132.7636886209827,2025-12-06 16h52.12.966266 +0100,
faces/079_o_f_n_a.jpg,neutrality,79,7,1,0,,,1,[0.038284700000076555],[0.038289100004476495],0,,,0,,,0,,,0,,,1,7,79,32,40.4159587000031,,,,,,,,,40.40774480000255,40.4159587000031,40.5798458000063,40.58006860000023,40.59370990000025,40.59370990000025,40.59370990000025,40.59370990000025,40.59370990000025,40.59370990000025,40.63238470000215,0,,,1,[0.038284700000076555],[0.038289100004476495],0,,,0,,,disgust,0,0,,,0,,,490889,001,2025-12-06_16h52.10.209,faces_experiment,,2025.1.1,132.7636886209827,2025-12-06 16h52.12.966266 +0100,
faces/116_m_m_a_a.jpg,anger,80,8,1,0,,,1,[0.05574419999902602],[0.05575159999716561],0,,,0,,,0,,,0,,,1,8,80,36,40.7135108000075,,,,,,,,,40.70578590000514,40.7135108000075,40.892557600003784,40.89290419999452,40.90734350000275,40.90734350000275,40.90734350000275,40.90734350000275,40.90734350000275,40.90734350000275,40.9639526999963,0,,,1,[0.05574419999902602],[0.05575159999716561],0,,,0,,,disgust,0,0,,,0,,,490889,001,2025-12-06_16h52.10.209,faces_experiment,,2025.1.1,132.7636886209827,2025-12-06 16h52.12.966266 +0100,
faces/116_m_m_f_b.jpg,fear,81,9,1,0,,,1,[0.06004370001028292],[0.060047300008591264],0,,,0,,,0,,,0,,,1,9,81,41,41.04610249999678,,,,,,,,,41.038700400007656,41.04610249999678,41.21496880000632,41.21557670000766,41.237736900002346,41.237736900002346,41.237736900002346,41.237736900002346,41.237736900002346,41.237736900002346,41.29830759999459,0,,,1,[0.06004370001028292],[0.060047300008591264],0,,,0,,,disgust,0,0,,,0,,,490889,001,2025-12-06_16h52.10.209,faces_experiment,,2025.1.1,132.7636886209827,2025-12-06 16h52.12.966266 +0100,
faces/004_o_m_s_b.jpg,sadness,82,10,1,0,,,1,[0.000570399992284365],[0.0005763999943155795],0,,,0,,,0,,,0,,,1,10,82,11,41.394082400001935,,,,,,,,,41.386161000002176,41.394082400001935,41.55995819999953,41.560404200004996,41.57350860000588,41.57350860000588,41.57350860000588,41.57350860000588,41.57350860000588,41.57350860000588,41.5746269000083,0,,,1,[0.000570399992284365],[0.0005763999943155795],0,,,0,,,disgust,0,0,,,0,,,490889,001,2025-12-06_16h52.10.209,faces_experiment,,2025.1.1,132.7636886209827,2025-12-06 16h52.12.966266 +0100,
faces/168_m_f_a_b.jpg,anger,83,11,1,0,,,1,[0.1900096999888774],[0.1900176999915857],0,,,0,,,0,,,0,,,1,11,83,61,41.6679218000063,,,,,,,,,41.66014570000698,41.6679218000063,41.830957600002876,41.83208690000174,41.843959499994526,41.843959499994526,41.843959499994526,41.843959499994526,41.843959499994526,41.843959499994526,42.03441670000029,0,,,1,[0.1900096999888774],[0.1900176999915857],0,,,0,,,disgust,0,0,,,0,,,490889,001,2025-12-06_16h52.10.209,faces_experiment,,2025.1.1,132.7636886209827,2025-12-06 16h52.12.966266 +0100,
faces/066_y_m_f_b.jpg,fear,84,12,1,0,,,1,[0.24713859999610577],[0.24714330000279006],0,,,0,,,0,,,0,,,1,12,84,17,42.1309867999953,,,,,,,,,42.123511900004814,42.1309867999953,42.29882219999854,42.29928029999428,42.31420239999716,42.31420239999716,42.31420239999716,42.31420239999716,42.31420239999716,42.31420239999716,42.56185529999493,0,,,1,[0.24713859999610577],[0.24714330000279006],0,,,0,,,disgust,0,0,,,0,,,490889,001,2025-12-06_16h52.10.209,faces_experiment,,2025.1.1,132.7636886209827,2025-12-06 16h52.12.966266 +0100,
faces/004_o_m_d_b.jpg,disgust,85,13,1,0,,,1,[0.23112260000198148],[0.23113010000088252],0,,,0,,,0,,,0,,,1,13,85,3,42.67419550000341,,,,,,,,,42.66644879999512,42.67419550000341,42.817865200006054,42.8182264000061,42.83826269999554,42.83826269999554,42.83826269999554,42.83826269999554,42.83826269999554,42.83826269999554,43.07039350000559,0,,,1,[0.23112260000198148],[0.23113010000088252],0,,,0,,,disgust,1,0,,,0,,,490889,001,2025-12-06_16h52.10.209,faces_experiment,,2025.1.1,132.7636886209827,2025-12-06 16h52.12.966266 +0100,
faces/066_y_m_h_a.jpg,happiness,86,14,1,0,,,1,[0.10809890000382438],[0.10810309999214951],0,,,0,,,0,,,0,,,1,14,86,18,43.16154699999606,,,,,,,,,43.15413910000643,43.16154699999606,43.3249230000074,43.325213799995254,43.338631300008274,43.338631300008274,43.338631300008274,43.338631300008274,43.338631300008274,43.338631300008274,43.44717680000758,0,,,1,[0.10809890000382438],[0.10810309999214951],0,,,0,,,disgust,0,0,,,0,,,490889,001,2025-12-06_16h52.10.209,faces_experiment,,2025.1.1,132.7636886209827,2025-12-06 16h52.12.966266 +0100,
faces/079_o_f_f_a.jpg,fear,87,15,1,0,,,1,[0.12447409999731462],[0.12447870000323746],0,,,0,,,0,,,0,,,1,15,87,28,43.550339099994744,,,,,,,,,43.54217090000748,43.550339099994744,43.70420360000571,43.70527970000694,43.72115219999978,43.72115219999978,43.72115219999978,43.72115219999978,43.72115219999978,43.72115219999978,43.84603980000247,0,,,1,[0.12447409999731462],[0.12447870000323746],0,,,0,,,disgust,0,0,,,0,,,490889,001,2025-12-06_16h52.10.209,faces_experiment,,2025.1.1,132.7636886209827,2025-12-06 16h52.12.966266 +0100,
faces/079_o_f_d_b.jpg,disgust,88,16,1,0,,,1,[0.11897709999175277],[0.11898569999902975],0,,,0,,,0,,,0,,,1,16,88,27,43.93161119999422,,,,,,,,,43.92236050000065,43.93161119999422,44.10961830000451,44.1102702000062,44.12326249999751,44.12326249999751,44.12326249999751,44.12326249999751,44.12326249999751,44.12326249999751,44.24300149999908,0,,,1,[0.11897709999175277],[0.11898569999902975],0,,,0,,,disgust,1,0,,,0,,,490889,001,2025-12-06_16h52.10.209,faces_experiment,,2025.1.1,132.7636886209827,2025-12-06 16h52.12.966266 +0100,
faces/079_o_f_n_b.jpg,neutrality,89,17,1,0,,,1,[0.14546569999947678],[0.14547319999837782],0,,,0,,,0,,,0,,,1,17,89,33,44.33146630000556,,,,,,,,,44.32340470000054,44.33146630000556,44.4956644000049,44.49607290000131,44.51545089999854,44.51545089999854,44.51545089999854,44.51545089999854,44.51545089999854,44.51545089999854,44.66180919999897,0,,,1,[0.14546569999947678],[0.14547319999837782],0,,,0,,,disgust,0,0,,,0,,,490889,001,2025-12-06_16h52.10.209,faces_experiment,,2025.1.1,132.7636886209827,2025-12-06 16h52.12.966266 +0100,
faces/116_m_m_f_a.jpg,fear,90,18,1,0,,,1,[0.10540909999690484],[0.10541439999360591],0,,,0,,,0,,,0,,,1,18,90,40,44.748214699997334,,,,,,,,,44.740879599994514,44.748214699997334,44.93325780000305,44.93372430000454,44.948580800002674,44.948580800002674,44.948580800002674,44.948580800002674,44.948580800002674,44.948580800002674,45.05450050000218,0,,,1,[0.10540909999690484],[0.10541439999360591],0,,,0,,,disgust,0,0,,,0,,,490889,001,2025-12-06_16h52.10.209,faces_experiment,,2025.1.1,132.7636886209827,2025-12-06 16h52.12.966266 +0100,
faces/066_y_m_d_a.jpg,disgust,91,19,1,0,,,1,[0.11580350001167972],[0.11580830000457354],0,,,0,,,0,,,0,,,1,19,91,14,45.15921179999714,,,,,,,,,45.15084990000469,45.15921179999714,45.307461400007014,45.307879400003,45.32260359999782,45.32260359999782,45.32260359999782,45.32260359999782,45.32260359999782,45.32260359999782,45.438825699995505,0,,,1,[0.11580350001167972],[0.11580830000457354],0,,,0,,,disgust,1,0,,,0,,,490889,001,2025-12-06_16h52.10.209,faces_experiment,,2025.1.1,132.7636886209827,2025-12-06 16h52.12.966266 +0100,
faces/066_y_m_n_a.jpg,neutrality,92,20,1,0,,,1,[0.032513600002857856],[0.032518799998797476],0,,,0,,,0,,,0,,,1,20,92,20,45.55144150000706,,,,,,,,,45.54291610000655,45.55144150000706,45.70387719999417,45.704801900006714,45.7201003000082,45.7201003000082,45.7201003000082,45.7201003000082,45.7201003000082,45.7201003000082,45.75319980000495,0,,,1,[0.032513600002857856],[0.032518799998797476],0,,,0,,,disgust,0,0,,,0,,,490889,001,2025-12-06_16h52.10.209,faces_experiment,,2025.1.1,132.7636886209827,2025-12-06 16h52.12.966266 +0100,
faces/140_y_f_d_a.jpg,disgust,93,21,1,0,,,1,[0.28720170000451617],[0.28720659999817144],0,,,0,,,0,,,0,,,1,21,93,50,45.88163010000426,,,,,,,,,45.872841200005496,45.88163010000426,46.01495440000144,46.01540059999388,46.027146899999934,46.027146899999934,46.027146899999934,46.027146899999934,46.027146899999934,46.027146899999934,46.31479610000679,0,,,1,[0.28720170000451617],[0.28720659999817144],0,,,0,,,disgust,1,0,,,0,,,490889,001,2025-12-06_16h52.10.209,faces_experiment,,2025.1.1,132.7636886209827,2025-12-06 16h52.12.966266 +0100,
faces/004_o_m_s_a.jpg,sadness,94,22,1,0,,,1,[0.10147789999609813],[0.10148440000193659],0,,,0,,,0,,,0,,,1,22,94,10,46.426317499994184,,,,,,,,,46.41885739999998,46.426317499994184,46.57115950000298,46.5716395000054,46.593186199999764,46.593186199999764,46.593186199999764,46.593186199999764,46.593186199999764,46.593186199999764,46.6953926999995,0,,,1,[0.10147789999609813],[0.10148440000193659],0,,,0,,,disgust,0,0,,,0,,,490889,001,2025-12-06_16h52.10.209,faces_experiment,,2025.1.1,132.7636886209827,2025-12-06 16h52.12.966266 +0100,
faces/066_y_m_n_b.jpg,neutrality,95,23,1,0,,,1,[0.09668020000390243],[0.09668500001134817],0,,,0,,,0,,,0,,,1,23,95,21,46.81615800000145,,,,,,,,,46.80749819999619,46.81615800000145,46.95958520000568,46.96078850000049,46.980197900003986,46.980197900003986,46.980197900003986,46.980197900003986,46.980197900003986,46.980197900003986,47.07730800000718,0,,,1,[0.09668020000390243],[0.09668500001134817],0,,,0,,,disgust,0,0,,,0,,,490889,001,2025-12-06_16h52.10.209,faces_experiment,,2025.1.1,132.7636886209827,2025-12-06 16h52.12.966266 +0100,
faces/168_m_f_n_a.jpg,neutrality,96,24,1,0,,,1,[0.11902070000360254],[0.11902830000326503],0,,,0,,,0,,,0,,,1,24,96,68,47.181374000007054,,,,,,,,,47.173706900008256,47.181374000007054,47.348818099999335,47.34961770000518,47.362698900004034,47.362698900004034,47.362698900004034,47.362698900004034,47.362698900004034,47.362698900004034,47.48235289999866,0,,,1,[0.11902070000360254],[0.11902830000326503],0,,,0,,,disgust,0,0,,,0,,,490889,001,2025-12-06_16h52.10.209,faces_experiment,,2025.1.1,132.7636886209827,2025-12-06 16h52.12.966266 +0100,
faces/079_o_f_d_a.jpg,disgust,97,25,1,0,,,1,[0.4997222999954829],[0.49972719998913817],0,,,0,,,0,,,0,,,1,25,97,26,47.60028559999773,,,,,,,,,47.591488899997785,47.60028559999773,47.747529200001736,47.74800950000645,47.76710729999468,47.76710729999468,47.76710729999468,47.76710729999468,47.76710729999468,47.76710729999468,48.26737499999581,0,,,1,[0.4997222999954829],[0.49972719998913817],0,,,0,,,disgust,1,0,,,0,,,490889,001,2025-12-06_16h52.10.209,faces_experiment,,2025.1.1,132.7636886209827,2025-12-06 16h52.12.966266 +0100,
faces/116_m_m_d_b.jpg,disgust,98,26,1,0,,,1,[0.45463849999941885],[0.4546433999930741],0,,,0,,,0,,,0,,,1,26,98,39,48.37275019999652,,,,,,,,,48.3647415000014,48.37275019999652,48.53669740000623,48.53697380000085,48.5495532000059,48.5495532000059,48.5495532000059,48.5495532000059,48.5495532000059,48.5495532000059,49.004709300003015,0,,,1,[0.45463849999941885],[0.4546433999930741],0,,,0,,,disgust,1,0,,,0,,,490889,001,2025-12-06_16h52.10.209,faces_experiment,,2025.1.1,132.7636886209827,2025-12-06 16h52.12.966266 +0100,
faces/079_o_f_s_a.jpg,sadness,99,27,1,0,,,1,[0.6433161000022665],[0.6433194999990519],0,,,0,,,0,,,0,,,1,27,99,34,49.120493700000225,,,,,,,,,49.11237420000543,49.120493700000225,49.268514600000344,49.26901540000108,49.280560300001525,49.280560300001525,49.280560300001525,49.280560300001525,49.280560300001525,49.280560300001525,49.92432390000613,0,,,1,[0.6433161000022665],[0.6433194999990519],0,,,0,,,disgust,0,0,,,0,,,490889,001,2025-12-06_16h52.10.209,faces_experiment,,2025.1.1,132.7636886209827,2025-12-06 16h52.12.966266 +0100,
faces/140_y_f_n_a.jpg,neutrality,100,28,1,0,,,1,[0.35552380001172423],[0.35552880000614095],0,,,0,,,0,,,0,,,1,28,100,56,50.02102919999743,,,,,,,,,50.01357209999696,50.02102919999743,50.18314150000515,50.18349759999546,50.1980043000076,50.1980043000076,50.1980043000076,50.1980043000076,50.1980043000076,50.1980043000076,50.55390709999483,0,,,1,[0.35552380001172423],[0.35552880000614095],0,,,0,,,disgust,0,0,,,0,,,490889,001,2025-12-06_16h52.10.209,faces_experiment,,2025.1.1,132.7636886209827,2025-12-06 16h52.12.966266 +0100,
faces/116_m_m_n_b.jpg,neutrality,101,29,1,0,,,1,[0.013322700004209764],[0.013329699999303557],0,,,0,,,0,,,0,,,1,29,101,45,50.63560819999839,,,,,,,,,50.627813400002196,50.63560819999839,50.80476919999637,50.80521200000658,50.81988550000824,50.81988550000824,50.81988550000824,50.81988550000824,50.81988550000824,50.81988550000824,50.83459500000754,0,,,1,[0.013322700004209764],[0.013329699999303557],0,,,0,,,disgust,0,0,,,0,,,490889,001,2025-12-06_16h52.10.209,faces_experiment,,2025.1.1,132.7636886209827,2025-12-06 16h52.12.966266 +0100,
faces/066_y_m_f_a.jpg,fear,102,30,1,0,,,1,[0.0015297000063583255],[0.0015333000046666712],0,,,0,,,0,,,0,,,1,30,102,16,50.92499689999386,,,,,,,,,50.91666430000623,50.92499689999386,51.087232899997616,51.08743030000187,51.10856799999601,51.10856799999601,51.10856799999601,51.10856799999601,51.10856799999601,51.10856799999601,51.11059140000725,0,,,1,[0.0015297000063583255],[0.0015333000046666712],0,,,0,,,disgust,0,0,,,0,,,490889,001,2025-12-06_16h52.10.209,faces_experiment,,2025.1.1,132.7636886209827,2025-12-06 16h52.12.966266 +0100,
faces/116_m_m_h_a.jpg,happiness,103,31,1,0,,,1,[0.15545900000142865],[0.15546409999660682],0,,,0,,,0,,,0,,,1,31,103,42,51.19770910000079,,,,,,,,,51.189966499994625,51.19770910000079,51.379475199995795,51.38084369999706,51.39213409999502,51.39213409999502,51.39213409999502,51.39213409999502,51.39213409999502,51.39213409999502,51.54801719999523,0,,,1,[0.15545900000142865],[0.15546409999660682],0,,,0,,,disgust,0,0,,,0,,,490889,001,2025-12-06_16h52.10.209,faces_experiment,,2025.1.1,132.7636886209827,2025-12-06 16h52.12.966266 +0100,
faces/066_y_m_d_b.jpg,disgust,104,32,1,0,,,1,[0.1528200999891851],[0.15282429999206215],0,,,0,,,0,,,0,,,1,32,104,15,51.6470496999973,,,,,,,,,51.638237999999546,51.6470496999973,51.79829989999416,51.798757399999886,51.81183459999738,51.81183459999738,51.81183459999738,51.81183459999738,51.81183459999738,51.81183459999738,51.9651681999967,0,,,1,[0.1528200999891851],[0.15282429999206215],0,,,0,,,disgust,1,0,,,0,,,490889,001,2025-12-06_16h52.10.209,faces_experiment,,2025.1.1,132.7636886209827,2025-12-06 16h52.12.966266 +0100,
faces/066_y_m_s_b.jpg,sadness,105,33,1,0,,,1,[0.15377900000021327],[0.15378240001155064],0,,,0,,,0,,,0,,,1,33,105,23,52.06060490000527,,,,,,,,,52.05280380000477,52.06060490000527,52.22704660000454,52.227513000005274,52.24003499999526,52.24003499999526,52.24003499999526,52.24003499999526,52.24003499999526,52.24003499999526,52.394130500004394,0,,,1,[0.15377900000021327],[0.15378240001155064],0,,,0,,,disgust,0,0,,,0,,,490889,001,2025-12-06_16h52.10.209,faces_experiment,,2025.1.1,132.7636886209827,2025-12-06 16h52.12.966266 +0100,
faces/079_o_f_h_a.jpg,happiness,106,34,1,0,,,1,[0.0833857999969041],[0.08339250000426546],0,,,0,,,0,,,0,,,1,34,106,30,52.483634899996105,,,,,,,,,52.47553049999988,52.483634899996105,52.664655000000494,52.665029399999185,52.67829039999924,52.67829039999924,52.67829039999924,52.67829039999924,52.67829039999924,52.67829039999924,52.76224789999833,0,,,1,[0.0833857999969041],[0.08339250000426546],0,,,0,,,disgust,0,0,,,0,,,490889,001,2025-12-06_16h52.10.209,faces_experiment,,2025.1.1,132.7636886209827,2025-12-06 16h52.12.966266 +0100,
faces/004_o_m_n_b.jpg,neutrality,107,35,1,0,,,1,[0.10607410001102835],[0.1060806000023149],0,,,0,,,0,,,0,,,1,35,107,9,52.86071239999728,,,,,,,,,52.85273899999447,52.86071239999728,53.0261790999939,53.026419800007716,53.04023260000395,53.04023260000395,53.04023260000395,53.04023260000395,53.04023260000395,53.04023260000395,53.1469017000054,0,,,1,[0.10607410001102835],[0.1060806000023149],0,,,0,,,disgust,0,0,,,0,,,490889,001,2025-12-06_16h52.10.209,faces_experiment,,2025.1.1,132.7636886209827,2025-12-06 16h52.12.966266 +0100,
faces/004_o_m_f_a.jpg,fear,108,36,1,0,,,1,[0.0313979000056861],[0.031401300002471544],0,,,0,,,0,,,0,,,1,36,108,4,53.23256279999623,,,,,,,,,53.225288700006786,53.23256279999623,53.417958699996234,53.418479100000695,53.43333499999426,53.43333499999426,53.43333499999426,53.43333499999426,53.43333499999426,53.43333499999426,53.46508680000261,0,,,1,[0.0313979000056861],[0.031401300002471544],0,,,0,,,disgust,0,0,,,0,,,490889,001,2025-12-06_16h52.10.209,faces_experiment,,2025.1.1,132.7636886209827,2025-12-06 16h52.12.966266 +0100,
faces/079_o_f_a_b.jpg,anger,109,37,1,0,,,1,[0.07118109999282751],[0.07118489999265876],0,,,0,,,0,,,0,,,1,37,109,25,53.556969199999,,,,,,,,,53.548696500001824,53.556969199999,53.721484099994996,53.72189970000181,53.73464130000502,53.73464130000502,53.73464130000502,53.73464130000502,53.73464130000502,53.73464130000502,53.80617310000525,0,,,1,[0.07118109999282751],[0.07118489999265876],0,,,0,,,disgust,0,0,,,0,,,490889,001,2025-12-06_16h52.10.209,faces_experiment,,2025.1.1,132.7636886209827,2025-12-06 16h52.12.966266 +0100,
faces/168_m_f_s_b.jpg,sadness,110,38,1,0,,,1,[0.2636685000034049],[0.2636734000116121],0,,,0,,,0,,,0,,,1,38,110,71,53.89314879999438,,,,,,,,,53.88410749999457,53.89314879999438,54.075354000000516,54.07770540000638,54.08949519999442,54.08949519999442,54.08949519999442,54.08949519999442,54.08949519999442,54.08949519999442,54.35357730000396,0,,,1,[0.2636685000034049],[0.2636734000116121],0,,,0,,,disgust,0,0,,,0,,,490889,001,2025-12-06_16h52.10.209,faces_experiment,,2025.1.1,132.7636886209827,2025-12-06 16h52.12.966266 +0100,
faces/004_o_m_n_a.jpg,neutrality,111,39,1,0,,,1,[0.23749929999758024],[0.2375090999994427],0,,,0,,,0,,,0,,,1,39,111,8,54.436763599995174,,,,,,,,,54.42814669999643,54.436763599995174,54.617728199998965,54.618061700006365,54.631427400003304,54.631427400003304,54.631427400003304,54.631427400003304,54.631427400003304,54.631427400003304,54.869654699999955,0,,,1,[0.23749929999758024],[0.2375090999994427],0,,,0,,,disgust,0,0,,,0,,,490889,001,2025-12-06_16h52.10.209,faces_experiment,,2025.1.1,132.7636886209827,2025-12-06 16h52.12.966266 +0100,
faces/116_m_m_h_b.jpg,happiness,112,40,1,0,,,1,[0.07480010000290349],[0.07480970000324305],0,,,0,,,0,,,0,,,1,40,112,43,54.965096900006756,,,,,,,,,54.957276800007094,54.965096900006756,55.132383799995296,55.132813699994585,55.14574089999951,55.14574089999951,55.14574089999951,55.14574089999951,55.14574089999951,55.14574089999951,55.22117829999479,0,,,1,[0.07480010000290349],[0.07480970000324305],0,,,0,,,disgust,0,0,,,0,,,490889,001,2025-12-06_16h52.10.209,faces_experiment,,2025.1.1,132.7636886209827,2025-12-06 16h52.12.966266 +0100,
faces/140_y_f_f_a.jpg,fear,113,41,1,0,,,1,[0.035611699990113266],[0.035619099988252856],0,,,0,,,0,,,0,,,1,41,113,52,55.33992739999667,,,,,,,,,55.33199099999911,55.33992739999667,55.47215280000819,55.472435000003316,55.485883000001195,55.485883000001195,55.485883000001195,55.485883000001195,55.485883000001195,55.485883000001195,55.5220449000044,0,,,1,[0.035611699990113266],[0.035619099988252856],0,,,0,,,disgust,0,0,,,0,,,490889,001,2025-12-06_16h52.10.209,faces_experiment,,2025.1.1,132.7636886209827,2025-12-06 16h52.12.966266 +0100,
faces/066_y_m_s_a.jpg,sadness,114,42,1,0,,,1,[0.03684909999719821],[0.0368568999983836],0,,,0,,,0,,,0,,,1,42,114,22,55.625046900007874,,,,,,,,,55.61770180000167,55.625046900007874,55.7921067999996,55.792526599994744,55.804672900005244,55.804672900005244,55.804672900005244,55.804672900005244,55.804672900005244,55.804672900005244,55.84206740000809,0,,,1,[0.03684909999719821],[0.0368568999983836],0,,,0,,,disgust,0,0,,,0,,,490889,001,2025-12-06_16h52.10.209,faces_experiment,,2025.1.1,132.7636886209827,2025-12-06 16h52.12.966266 +0100,
faces/168_m_f_f_b.jpg,fear,115,43,1,0,,,1,[0.299093300011009],[0.29909800000314135],0,,,0,,,0,,,0,,,1,43,115,65,55.95978540000215,,,,,,,,,55.95184949999384,55.95978540000215,56.104425500001526,56.1056746999966,56.125618499994744,56.125618499994744,56.125618499994744,56.125618499994744,56.125618499994744,56.125618499994744,56.42516899999464,0,,,1,[0.299093300011009],[0.29909800000314135],0,,,0,,,disgust,0,0,,,0,,,490889,001,2025-12-06_16h52.10.209,faces_experiment,,2025.1.1,132.7636886209827,2025-12-06 16h52.12.966266 +0100,
faces/168_m_f_d_a.jpg,disgust,116,44,1,0,,,1,[0.2706997000059346],[0.2707040999957826],0,,,0,,,0,,,0,,,1,44,116,62,56.542671100003645,,,,,,,,,56.53499339999689,56.542671100003645,56.67617400000745,56.67655899999954,56.68861630000174,56.68861630000174,56.68861630000174,56.68861630000174,56.68861630000174,56.68861630000174,56.96005819999846,0,,,1,[0.2706997000059346],[0.2707040999957826],0,,,0,,,disgust,1,0,,,0,,,490889,001,2025-12-06_16h52.10.209,faces_experiment,,2025.1.1,132.7636886209827,2025-12-06 16h52.12.966266 +0100,
faces/066_y_m_a_a.jpg,anger,117,45,1,0,,,1,[0.06286970000655856],[0.062873100003344],0,,,0,,,0,,,0,,,1,45,117,12,57.04585009999573,,,,,,,,,57.038772300002165,57.04585009999573,57.22375780000584,57.224528899998404,57.24431249999907,57.24431249999907,57.24431249999907,57.24431249999907,57.24431249999907,57.24431249999907,57.307585200003814,0,,,1,[0.06286970000655856],[0.062873100003344],0,,,0,,,disgust,0,0,,,0,,,490889,001,2025-12-06_16h52.10.209,faces_experiment,,2025.1.1,132.7636886209827,2025-12-06 16h52.12.966266 +0100,
faces/168_m_f_h_a.jpg,happiness,118,46,1,0,,,1,[0.03718430000299122],[0.037188200003583916],0,,,0,,,0,,,0,,,1,46,118,66,57.39594030000444,,,,,,,,,57.38762150000548,57.39594030000444,57.577583499994944,57.577794700002414,57.59104369999841,57.59104369999841,57.59104369999841,57.59104369999841,57.59104369999841,57.59104369999841,57.62866519999807,0,,,1,[0.03718430000299122],[0.037188200003583916],0,,,0,,,disgust,0,0,,,0,,,490889,001,2025-12-06_16h52.10.209,faces_experiment,,2025.1.1,132.7636886209827,2025-12-06 16h52.12.966266 +0100,
faces/079_o_f_f_b.jpg,fear,119,47,1,0,,,1,[0.24668599999858998],[0.2466948999935994],0,,,0,,,0,,,0,,,1,47,119,29,57.720962999999756,,,,,,,,,57.713272000008146,57.720962999999756,57.88402070000302,57.88477509999939,57.89714159999858,57.89714159999858,57.89714159999858,57.89714159999858,57.89714159999858,57.89714159999858,58.1445945000014,0,,,1,[0.24668599999858998],[0.2466948999935994],0,,,0,,,disgust,0,0,,,0,,,490889,001,2025-12-06_16h52.10.209,faces_experiment,,2025.1.1,132.7636886209827,2025-12-06 16h52.12.966266 +0100,
faces/140_y_f_s_a.jpg,sadness,120,48,1,0,,,1,[0.2859104999952251],[0.2859152000019094],0,,,0,,,0,,,0,,,1,48,120,58,58.26529310000478,,,,,,,,,58.25677920000453,58.26529310000478,58.399392499995884,58.40003550000256,58.410741500003496,58.410741500003496,58.410741500003496,58.410741500003496,58.410741500003496,58.410741500003496,58.696996099999524,0,,,1,[0.2859104999952251],[0.2859152000019094],0,,,0,,,disgust,0,0,,,0,,,490889,001,2025-12-06_16h52.10.209,faces_experiment,,2025.1.1,132.7636886209827,2025-12-06 16h52.12.966266 +0100,
faces/116_m_m_a_b.jpg,anger,121,49,1,0,,,1,[0.050007199999527074],[0.05001110000011977],0,,,0,,,0,,,0,,,1,49,121,37,58.77888709999388,,,,,,,,,58.7695165000041,58.77888709999388,58.960453799998504,58.96078910000506,58.97407140000723,58.97407140000723,58.97407140000723,58.97407140000723,58.97407140000723,58.97407140000723,59.02437949999876,0,,,1,[0.050007199999527074],[0.05001110000011977],0,,,0,,,disgust,0,0,,,0,,,490889,001,2025-12-06_16h52.10.209,faces_experiment,,2025.1.1,132.7636886209827,2025-12-06 16h52.12.966266 +0100,
faces/140_y_f_s_b.jpg,sadness,122,50,1,0,,,1,[0.08516200000303797],[0.08517170000413898],0,,,0,,,0,,,0,,,1,50,122,59,59.111556799995014,,,,,,,,,59.10310649999883,59.111556799995014,59.29486259999976,59.29523699999845,59.30737670000235,59.30737670000235,59.30737670000235,59.30737670000235,59.30737670000235,59.30737670000235,59.3931797999976,0,,,1,[0.08516200000303797],[0.08517170000413898],0,,,0,,,disgust,0,0,,,0,,,490889,001,2025-12-06_16h52.10.209,faces_experiment,,2025.1.1,132.7636886209827,2025-12-06 16h52.12.966266 +0100,
faces/004_o_m_d_a.jpg,disgust,123,51,1,0,,,1,[0.11467999999877065],[0.11468699999386445],0,,,0,,,0,,,0,,,1,51,123,2,59.474972199997865,,,,,,,,,59.467698599997675,59.474972199997865,59.65824550000252,59.65873140000622,59.674275500001386,59.674275500001386,59.674275500001386,59.674275500001386,59.674275500001386,59.674275500001386,59.78967189999821,0,,,1,[0.11467999999877065],[0.11468699999386445],0,,,0,,,disgust,1,0,,,0,,,490889,001,2025-12-06_16h52.10.209,faces_experiment,,2025.1.1,132.7636886209827,2025-12-06 16h52.12.966266 +0100,
faces/079_o_f_a_a.jpg,anger,124,52,1,0,,,1,[0.13271089999761898],[0.13271530000201892],0,,,0,,,0,,,0,,,1,52,124,24,59.87947159999749,,,,,,,,,59.87272959999973,59.87947159999749,60.04499019999639,60.04536570000346,60.05914900000789,60.05914900000789,60.05914900000789,60.05914900000789,60.05914900000789,60.05914900000789,60.19231870000658,0,,,1,[0.13271089999761898],[0.13271530000201892],0,,,0,,,disgust,0,0,,,0,,,490889,001,2025-12-06_16h52.10.209,faces_experiment,,2025.1.1,132.7636886209827,2025-12-06 16h52.12.966266 +0100,
faces/004_o_m_f_b.jpg,fear,125,53,1,0,,,1,[0.0359007999941241],[0.03590719999920111],0,,,0,,,0,,,0,,,1,53,125,5,60.27746219999972,,,,,,,,,60.26985209999839,60.27746219999972,60.455207599996356,60.45560640000622,60.47563610000361,60.47563610000361,60.47563610000361,60.47563610000361,60.47563610000361,60.47563610000361,60.51211830000102,0,,,1,[0.0359007999941241],[0.03590719999920111],0,,,0,,,disgust,0,0,,,0,,,490889,001,2025-12-06_16h52.10.209,faces_experiment,,2025.1.1,132.7636886209827,2025-12-06 16h52.12.966266 +0100,
faces/116_m_m_d_a.jpg,disgust,126,54,1,0,,,1,[0.001954799998202361],[0.0019604000117396936],0,,,0,,,0,,,0,,,1,54,126,38,60.59773920000589,,,,,,,,,60.58898000000045,60.59773920000589,60.77481970000372,60.77523769999971,60.79575590000604,60.79575590000604,60.79575590000604,60.79575590000604,60.79575590000604,60.79575590000604,60.798251700005494,0,,,1,[0.001954799998202361],[0.0019604000117396936],0,,,0,,,disgust,1,0,,,0,,,490889,001,2025-12-06_16h52.10.209,faces_experiment,,2025.1.1,132.7636886209827,2025-12-06 16h52.12.966266 +0100,
faces/004_o_m_h_a.jpg,happiness,127,55,1,0,,,1,[0.014805800004978664],[0.014811900007771328],0,,,0,,,0,,,0,,,1,55,127,6,60.88292970000475,,,,,,,,,60.875104000006104,60.88292970000475,61.059199299998,61.05939670000225,61.08025800000178,61.08025800000178,61.08025800000178,61.08025800000178,61.08025800000178,61.08025800000178,61.095509299993864,0,,,1,[0.014805800004978664],[0.014811900007771328],0,,,0,,,disgust,0,0,,,0,,,490889,001,2025-12-06_16h52.10.209,faces_experiment,,2025.1.1,132.7636886209827,2025-12-06 16h52.12.966266 +0100,
faces/140_y_f_a_a.jpg,anger,128,56,1,0,,,1,[0.20381489999999758],[0.20381999999517575],0,,,0,,,0,,,0,,,1,56,128,48,61.18867020000471,,,,,,,,,61.179341800001566,61.18867020000471,61.35218570000143,61.353260300005786,61.364571400001296,61.364571400001296,61.364571400001296,61.364571400001296,61.364571400001296,61.364571400001296,61.56883899999957,0,,,1,[0.20381489999999758],[0.20381999999517575],0,,,0,,,disgust,0,0,,,0,,,490889,001,2025-12-06_16h52.10.209,faces_experiment,,2025.1.1,132.7636886209827,2025-12-06 16h52.12.966266 +0100,
faces/140_y_f_n_b.jpg,neutrality,129,57,1,0,,,1,[0.13794190000044182],[0.1379466000071261],0,,,0,,,0,,,0,,,1,57,129,57,61.67078290000791,,,,,,,,,61.662860500000534,61.67078290000791,61.819854800007306,61.820238000000245,61.83298599999398,61.83298599999398,61.83298599999398,61.83298599999398,61.83298599999398,61.83298599999398,61.97139930000412,0,,,1,[0.13794190000044182],[0.1379466000071261],0,,,0,,,disgust,0,0,,,0,,,490889,001,2025-12-06_16h52.10.209,faces_experiment,,2025.1.1,132.7636886209827,2025-12-06 16h52.12.966266 +0100,
faces/066_y_m_h_b.jpg,happiness,130,58,1,0,,,1,[0.13564800001040567],[0.135654900004738],0,,,0,,,0,,,0,,,1,58,130,19,62.081656499998644,,,,,,,,,62.073155499994755,62.081656499998644,62.2271219999966,62.22814340000332,62.24764270000742,62.24764270000742,62.24764270000742,62.24764270000742,62.24764270000742,62.24764270000742,62.38398729999608,0,,,1,[0.13564800001040567],[0.135654900004738],0,,,0,,,disgust,0,0,,,0,,,490889,001,2025-12-06_16h52.10.209,faces_experiment,,2025.1.1,132.7636886209827,2025-12-06 16h52.12.966266 +0100,
faces/004_o_m_a_a.jpg,anger,131,59,1,0,,,1,[0.08365089999279007],[0.08365830000548158],0,,,0,,,0,,,0,,,1,59,131,0,62.500610300005064,,,,,,,,,62.492239700004575,62.500610300005064,62.643760799997835,62.64435489999596,62.66525220000767,62.66525220000767,62.66525220000767,62.66525220000767,62.66525220000767,62.66525220000767,62.749439399995026,0,,,1,[0.08365089999279007],[0.08365830000548158],0,,,0,,,disgust,0,0,,,0,,,490889,001,2025-12-06_16h52.10.209,faces_experiment,,2025.1.1,132.7636886209827,2025-12-06 16h52.12.966266 +0100,
faces/168_m_f_s_a.jpg,sadness,132,60,1,0,,,1,[0.022827400011010468],[0.02283240000542719],0,,,0,,,0,,,0,,,1,60,132,70,62.86418770000455,,,,,,,,,62.85587579999992,62.86418770000455,63.01271130000532,63.01332620000176,63.02548189999652,63.02548189999652,63.02548189999652,63.02548189999652,63.02548189999652,63.02548189999652,63.04876879999938,0,,,1,[0.022827400011010468],[0.02283240000542719],0,,,0,,,disgust,0,0,,,0,,,490889,001,2025-12-06_16h52.10.209,faces_experiment,,2025.1.1,132.7636886209827,2025-12-06 16h52.12.966266 +0100,
faces/066_y_m_a_b.jpg,anger,133,61,1,0,,,1,[0.0013833999983035028],[0.0013881000049877912],0,,,0,,,0,,,0,,,1,61,133,13,63.15558449999662,,,,,,,,,63.147513500007335,63.15558449999662,63.30454379999719,63.30505350000749,63.317035200001555,63.317035200001555,63.317035200001555,63.317035200001555,63.317035200001555,63.317035200001555,63.31884180000634,0,,,1,[0.0013833999983035028],[0.0013881000049877912],0,,,0,,,disgust,0,0,,,0,,,490889,001,2025-12-06_16h52.10.209,faces_experiment,,2025.1.1,132.7636886209827,2025-12-06 16h52.12.966266 +0100,
faces/140_y_f_f_b.jpg,fear,134,62,1,0,,,1,[0.10222980000253301],[0.10223509999923408],0,,,0,,,0,,,0,,,1,62,134,53,63.44100570000592,,,,,,,,,63.432227400000556,63.44100570000592,63.58987739999429,63.59128090000013,63.607011600004626,63.607011600004626,63.607011600004626,63.607011600004626,63.607011600004626,63.607011600004626,63.70973539999977,0,,,1,[0.10222980000253301],[0.10223509999923408],0,,,0,,,disgust,0,0,,,0,,,490889,001,2025-12-06_16h52.10.209,faces_experiment,,2025.1.1,132.7636886209827,2025-12-06 16h52.12.966266 +0100,
faces/168_m_f_h_b.jpg,happiness,135,63,1,0,,,1,[0.10764810000546277],[0.10765299999911804],0,,,0,,,0,,,0,,,1,63,135,67,63.835051300004125,,,,,,,,,63.82564619999903,63.835051300004125,63.96417500000098,63.96517409999797,63.97694130000309,63.97694130000309,63.97694130000309,63.97694130000309,63.97694130000309,63.97694130000309,64.08501249999972,0,,,1,[0.10764810000546277],[0.10765299999911804],0,,,0,,,disgust,0,0,,,0,,,490889,001,2025-12-06_16h52.10.209,faces_experiment,,2025.1.1,132.7636886209827,2025-12-06 16h52.12.966266 +0100,
faces/168_m_f_a_a.jpg,anger,136,64,1,0,,,1,[0.0010669999901438132],[0.001072799990652129],0,,,0,,,0,,,0,,,1,64,136,60,64.19126920000417,,,,,,,,,64.18249690000084,64.19126920000417,64.34000430000015,64.34033229999477,64.35293989999627,64.35293989999627,64.35293989999627,64.35293989999627,64.35293989999627,64.35293989999627,64.35453219999908,0,,,1,[0.0010669999901438132],[0.001072799990652129],0,,,0,,,disgust,0,0,,,0,,,490889,001,2025-12-06_16h52.10.209,faces_experiment,,2025.1.1,132.7636886209827,2025-12-06 16h52.12.966266 +0100,
faces/140_y_f_h_b.jpg,happiness,137,65,1,0,,,1,[0.019449200000963174],[0.019453600005363114],0,,,0,,,0,,,0,,,1,65,137,55,64.47156890000042,,,,,,,,,64.46427009999752,64.47156890000042,64.60550879999937,64.60600749999867,64.62278629999491,64.62278629999491,64.62278629999491,64.62278629999491,64.62278629999491,64.62278629999491,64.64279250000254,0,,,1,[0.019449200000963174],[0.019453600005363114],0,,,0,,,disgust,0,0,,,0,,,490889,001,2025-12-06_16h52.10.209,faces_experiment,,2025.1.1,132.7636886209827,2025-12-06 16h52.12.966266 +0100,
faces/140_y_f_a_b.jpg,anger,138,66,1,0,,,1,[0.03338120000262279],[0.03339080000296235],0,,,0,,,0,,,0,,,1,66,138,49,64.74173259999952,,,,,,,,,64.7330168000044,64.74173259999952,64.90456039999845,64.90617050000583,64.92600320000201,64.92600320000201,64.92600320000201,64.92600320000201,64.92600320000201,64.92600320000201,64.9602092999994,0,,,1,[0.03338120000262279],[0.03339080000296235],0,,,0,,,disgust,0,0,,,0,,,490889,001,2025-12-06_16h52.10.209,faces_experiment,,2025.1.1,132.7636886209827,2025-12-06 16h52.12.966266 +0100,
faces/079_o_f_s_b.jpg,sadness,139,67,1,0,,,1,[0.0018463000014889985],[0.0018548999942140654],0,,,0,,,0,,,0,,,1,67,139,35,65.06367560000217,,,,,,,,,65.0553157999966,65.06367560000217,65.21092130000761,65.21140879999439,65.22999239999626,65.22999239999626,65.22999239999626,65.22999239999626,65.22999239999626,65.22999239999626,65.23261300000013,0,,,1,[0.0018463000014889985],[0.0018548999942140654],0,,,0,,,disgust,0,0,,,0,,,490889,001,2025-12-06_16h52.10.209,faces_experiment,,2025.1.1,132.7636886209827,2025-12-06 16h52.12.966266 +0100,
faces/116_m_m_s_b.jpg,sadness,140,68,1,0,,,1,[0.03594449999218341],[0.0359514999872772],0,,,0,,,0,,,0,,,1,68,140,47,65.34263660000579,,,,,,,,,65.3339982000034,65.34263660000579,65.48641710000811,65.48689990000275,65.50693869999668,65.50693869999668,65.50693869999668,65.50693869999668,65.50693869999668,65.50693869999668,65.54353080000146,0,,,1,[0.03594449999218341],[0.0359514999872772],0,,,0,,,disgust,0,0,,,0,,,490889,001,2025-12-06_16h52.10.209,faces_experiment,,2025.1.1,132.7636886209827,2025-12-06 16h52.12.966266 +0100,
faces/116_m_m_s_a.jpg,sadness,141,69,1,0,,,1,[0.015255699996487238],[0.015260200001648627],0,,,0,,,0,,,0,,,1,69,141,46,65.65090340000461,,,,,,,,,65.64213419999578,65.65090340000461,65.80236770000192,65.80379829999583,65.81958009999653,65.81958009999653,65.81958009999653,65.81958009999653,65.81958009999653,65.81958009999653,65.83522249999805,0,,,1,[0.015255699996487238],[0.015260200001648627],0,,,0,,,disgust,0,0,,,0,,,490889,001,2025-12-06_16h52.10.209,faces_experiment,,2025.1.1,132.7636886209827,2025-12-06 16h52.12.966266 +0100,
faces/004_o_m_a_b.jpg,anger,142,70,1,0,,,1,[0.027812400003313087],[0.02781689999392256],0,,,0,,,0,,,0,,,1,70,142,1,65.95344500000647,,,,,,,,,65.94449589999567,65.95344500000647,66.09772069999599,66.0982956999942,66.11813200000324,66.11813200000324,66.11813200000324,66.11813200000324,66.11813200000324,66.11813200000324,66.14636369999789,0,,,1,[0.027812400003313087],[0.02781689999392256],0,,,0,,,disgust,0,0,,,0,,,490889,001,2025-12-06_16h52.10.209,faces_experiment,,2025.1.1,132.7636886209827,2025-12-06 16h52.12.966266 +0100,
faces/079_o_f_h_b.jpg,happiness,143,71,1,0,,,1,[0.04843569999502506],[0.04844220000086352],0,,,0,,,0,,,0,,,1,71,143,31,66.26845350000076,,,,,,,,,66.2600686000078,66.26845350000076,66.41847530000086,66.41894600000523,66.43262580000737,66.43262580000737,66.43262580000737,66.43262580000737,66.43262580000737,66.43262580000737,66.48152699999628,0,,,1,[0.04843569999502506],[0.04844220000086352],0,,,0,,,disgust,0,0,,,0,,,490889,001,2025-12-06_16h52.10.209,faces_experiment,,2025.1.1,132.7636886209827,2025-12-06 16h52.12.966266 +0100,
faces/116_m_m_f_a.jpg,fear,144,0,2,0,,,1,[0.049956499991822056],[0.04996289999689907],0,,,0,,,0,,,0,,,2,0,144,40,66.58998600000632,,,,,,,,,66.5809745000006,66.58998600000632,66.73747930000536,66.73813369999698,66.74967560000368,66.74967560000368,66.74967560000368,66.74967560000368,66.74967560000368,66.74967560000368,66.80005560000427,0,,,1,[0.049956499991822056],[0.04996289999689907],0,,,0,,,disgust,0,0,,,0,,,490889,001,2025-12-06_16h52.10.209,faces_experiment,,2025.1.1,132.7636886209827,2025-12-06 16h52.12.966266 +0100,
faces/116_m_m_d_a.jpg,disgust,145,1,2,0,,,1,[0.06926920000114478],[0.06927549999090843],0,,,0,,,0,,,0,,,2,1,145,38,66.91504120000172,,,,,,,,,66.90524300000106,66.91504120000172,67.06439159999718,67.0651058999938,67.07895930000814,67.07895930000814,67.07895930000814,67.07895930000814,67.07895930000814,67.07895930000814,67.14883669999836,0,,,1,[0.06926920000114478],[0.06927549999090843],0,,,0,,,disgust,1,0,,,0,,,490889,001,2025-12-06_16h52.10.209,faces_experiment,,2025.1.1,132.7636886209827,2025-12-06 16h52.12.966266 +0100,
faces/004_o_m_d_b.jpg,disgust,146,2,2,0,,,1,[0.04967930000566412],[0.04968640000151936],0,,,0,,,0,,,0,,,2,2,146,3,67.2701081999985,,,,,,,,,67.26096290000714,67.2701081999985,67.41847330000019,67.41894889999821,67.43091249999998,67.43091249999998,67.43091249999998,67.43091249999998,67.43091249999998,67.43091249999998,67.4812191999954,0,,,1,[0.04967930000566412],[0.04968640000151936],0,,,0,,,disgust,1,0,,,0,,,490889,001,2025-12-06_16h52.10.209,faces_experiment,,2025.1.1,132.7636886209827,2025-12-06 16h52.12.966266 +0100,
faces/140_y_f_d_a.jpg,disgust,147,3,2,0,,,1,[0.036672600006568246],[0.03667760000098497],0,,,0,,,0,,,0,,,2,3,147,50,67.60280730000522,,,,,,,,,67.59479930000089,67.60280730000522,67.75186410000606,67.75227700000687,67.76492630000575,67.76492630000575,67.76492630000575,67.76492630000575,67.76492630000575,67.76492630000575,67.80208049999783,0,,,1,[0.036672600006568246],[0.03667760000098497],0,,,0,,,disgust,1,0,,,0,,,490889,001,2025-12-06_16h52.10.209,faces_experiment,,2025.1.1,132.7636886209827,2025-12-06 16h52.12.966266 +0100,
faces/066_y_m_h_a.jpg,happiness,148,4,2,0,,,1,[0.05649250000715256],[0.0564998000045307],0,,,0,,,0,,,0,,,2,4,148,18,67.9269670000067,,,,,,,,,67.9188179000048,67.9269670000067,68.06011489999946,68.06118069999502,68.07402490000823,68.07402490000823,68.07402490000823,68.07402490000823,68.07402490000823,68.07402490000823,68.1312489999982,0,,,1,[0.05649250000715256],[0.0564998000045307],0,,,0,,,disgust,0,0,,,0,,,490889,001,2025-12-06_16h52.10.209,faces_experiment,,2025.1.1,132.7636886209827,2025-12-06 16h52.12.966266 +0100,
faces/066_y_m_d_a.jpg,disgust,149,5,2,0,,,1,[0.031023200004710816],[0.031028500001411885],0,,,0,,,0,,,0,,,2,5,149,14,68.24395139999979,,,,,,,,,68.23497910000151,68.24395139999979,68.39291670000239,68.39429749999545,68.40931940000155,68.40931940000155,68.40931940000155,68.40931940000155,68.40931940000155,68.40931940000155,68.4407887999987,0,,,1,[0.031023200004710816],[0.031028500001411885],0,,,0,,,disgust,1,0,,,0,,,490889,001,2025-12-06_16h52.10.209,faces_experiment,,2025.1.1,132.7636886209827,2025-12-06 16h52.12.966266 +0100,
faces/140_y_f_n_a.jpg,neutrality,150,6,2,0,,,1,[0.04577690000587609],[0.04578200000105426],0,,,0,,,0,,,0,,,2,6,150,56,68.55446129999473,,,,,,,,,68.54655090000597,68.55446129999473,68.70604659999663,68.70728010000312,68.72115300000587,68.72115300000587,68.72115300000587,68.72115300000587,68.72115300000587,68.72115300000587,68.7673752999981,0,,,1,[0.04577690000587609],[0.04578200000105426],0,,,0,,,disgust,0,0,,,0,,,490889,001,2025-12-06_16h52.10.209,faces_experiment,,2025.1.1,132.7636886209827,2025-12-06 16h52.12.966266 +0100,
faces/168_m_f_a_b.jpg,anger,151,7,2,0,,,0,,,0,,,0,,,0,,,1,[0.3003056000015931],[0.30031539998890366],2,7,151,61,68.86917540000286,,,,,,,,,68.86163270000543,68.86917540000286,69.03052729999763,69.03108220000286,69.05118910000601,69.05118910000601,69.05118910000601,69.05118910000601,69.05118910000601,69.05118910000601,69.35189020000689,0,,,0,,,0,,,0,,,sadness,0,0,,,1,[0.3003056000015931],[0.30031539998890366],490889,001,2025-12-06_16h52.10.209,faces_experiment,,2025.1.1,132.7636886209827,2025-12-06 16h52.12.966266 +0100,
faces/004_o_m_n_b.jpg,neutrality,152,8,2,0,,,0,,,0,,,0,,,0,,,1,[0.01507379999384284],[0.015077799995196983],2,8,152,9,69.47915230000217,,,,,,,,,69.47110029999749,69.47915230000217,69.60681589999876,69.60710839999956,69.62783769999805,69.62783769999805,69.62783769999805,69.62783769999805,69.62783769999805,69.62783769999805,69.64315109999734,0,,,0,,,0,,,0,,,sadness,0,0,,,1,[0.01507379999384284],[0.015077799995196983],490889,001,2025-12-06_16h52.10.209,faces_experiment,,2025.1.1,132.7636886209827,2025-12-06 16h52.12.966266 +0100,
faces/116_m_m_s_a.jpg,sadness,153,9,2,0,,,0,,,0,,,0,,,0,,,1,[0.04963870000210591],[0.04964310000650585],2,9,153,46,69.73283340000489,,,,,,,,,69.72495820000768,69.73283340000489,69.89883730000292,69.89995700000145,69.9125328000082,69.9125328000082,69.9125328000082,69.9125328000082,69.9125328000082,69.9125328000082,69.96235030000389,0,,,0,,,0,,,0,,,sadness,1,0,,,1,[0.04963870000210591],[0.04964310000650585],490889,001,2025-12-06_16h52.10.209,faces_experiment,,2025.1.1,132.7636886209827,2025-12-06 16h52.12.966266 +0100,
faces/004_o_m_a_a.jpg,anger,154,10,2,0,,,0,,,0,,,0,,,0,,,1,[0.07219530000293162],[0.07219999999506399],2,10,154,0,70.0528243000008,,,,,,,,,70.04468790000828,70.0528243000008,70.21857209999871,70.21952620000229,70.23125500000606,70.23125500000606,70.23125500000606,70.23125500000606,70.23125500000606,70.23125500000606,70.30360070000461,0,,,0,,,0,,,0,,,sadness,0,0,,,1,[0.07219530000293162],[0.07219999999506399],490889,001,2025-12-06_16h52.10.209,faces_experiment,,2025.1.1,132.7636886209827,2025-12-06 16h52.12.966266 +0100,
faces/004_o_m_h_b.jpg,happiness,155,11,2,0,,,0,,,0,,,0,,,0,,,1,[0.09459169999172445],[0.09459759999299422],2,11,155,7,70.40015509999648,,,,,,,,,70.39175959999557,70.40015509999648,70.56903030000103,70.5705878000008,70.58565290000115,70.58565290000115,70.58565290000115,70.58565290000115,70.58565290000115,70.58565290000115,70.68044759999611,0,,,0,,,0,,,0,,,sadness,0,0,,,1,[0.09459169999172445],[0.09459759999299422],490889,001,2025-12-06_16h52.10.209,faces_experiment,,2025.1.1,132.7636886209827,2025-12-06 16h52.12.966266 +0100,
faces/140_y_f_a_a.jpg,anger,156,12,2,0,,,0,,,0,,,0,,,0,,,1,[0.11572429999068845],[0.11572869999508839],2,12,156,48,70.78735670000606,,,,,,,,,70.77944860000571,70.78735670000606,70.93480869999621,70.93608689999382,70.9507569999987,70.9507569999987,70.9507569999987,70.9507569999987,70.9507569999987,70.9507569999987,71.06668069999432,0,,,0,,,0,,,0,,,sadness,0,0,,,1,[0.11572429999068845],[0.11572869999508839],490889,001,2025-12-06_16h52.10.209,faces_experiment,,2025.1.1,132.7636886209827,2025-12-06 16h52.12.966266 +0100,
faces/066_y_m_s_b.jpg,sadness,157,13,2,0,,,0,,,0,,,0,,,0,,,1,[0.13455489999614656],[0.1345599000051152],2,13,157,23,71.16228350000165,,,,,,,,,71.15406590000202,71.16228350000165,71.32375769999635,71.3249891000014,71.34431709999626,71.34431709999626,71.34431709999626,71.34431709999626,71.34431709999626,71.34431709999626,71.479181600007,0,,,0,,,0,,,0,,,sadness,1,0,,,1,[0.13455489999614656],[0.1345599000051152],490889,001,2025-12-06_16h52.10.209,faces_experiment,,2025.1.1,132.7636886209827,2025-12-06 16h52.12.966266 +0100,
faces/079_o_f_d_b.jpg,disgust,158,14,2,0,,,0,,,0,,,0,,,0,,,1,[0.0011371000000508502],[0.001145000001997687],2,14,158,27,71.60207860000082,,,,,,,,,71.59330249999766,71.60207860000082,71.7356970999972,71.7361596999981,71.75193480000598,71.75193480000598,71.75193480000598,71.75193480000598,71.75193480000598,71.75193480000598,71.75332689999777,0,,,0,,,0,,,0,,,sadness,0,0,,,1,[0.0011371000000508502],[0.001145000001997687],490889,001,2025-12-06_16h52.10.209,faces_experiment,,2025.1.1,132.7636886209827,2025-12-06 16h52.12.966266 +0100,
faces/168_m_f_d_a.jpg,disgust,159,15,2,0,,,0,,,0,,,0,,,0,,,1,[0.061665700006415136],[0.061670900002354756],2,15,159,62,71.87876219999453,,,,,,,,,71.87043830000039,71.87876219999453,72.01437810000789,72.01634469999408,72.03397970000515,72.03397970000515,72.03397970000515,72.03397970000515,72.03397970000515,72.03397970000515,72.0959620000067,0,,,0,,,0,,,0,,,sadness,0,0,,,1,[0.061665700006415136],[0.061670900002354756],490889,001,2025-12-06_16h52.10.209,faces_experiment,,2025.1.1,132.7636886209827,2025-12-06 16h52.12.966266 +0100,
faces/116_m_m_d_b.jpg,disgust,160,16,2,0,,,0,,,0,,,0,,,0,,,1,[0.03597890000673942],[0.03598640000564046],2,16,160,39,72.20604740000272,,,,,,,,,72.19801680000091,72.20604740000272,72.35211680000066,72.35272799999802,72.36468450000393,72.36468450000393,72.36468450000393,72.36468450000393,72.36468450000393,72.36468450000393,72.40083490000688,0,,,0,,,0,,,0,,,sadness,0,0,,,1,[0.03597890000673942],[0.03598640000564046],490889,001,2025-12-06_16h52.10.209,faces_experiment,,2025.1.1,132.7636886209827,2025-12-06 16h52.12.966266 +0100,
faces/004_o_m_a_b.jpg,anger,161,17,2,0,,,0,,,0,,,0,,,0,,,1,[0.037195500000962056],[0.03721090000180993],2,17,161,1,72.50794369999494,,,,,,,,,72.4995717999991,72.50794369999494,72.65892309999617,72.66014039999573,72.67467809999653,72.67467809999653,72.67467809999653,72.67467809999653,72.67467809999653,72.67467809999653,72.71213149999676,0,,,0,,,0,,,0,,,sadness,0,0,,,1,[0.037195500000962056],[0.03721090000180993],490889,001,2025-12-06_16h52.10.209,faces_experiment,,2025.1.1,132.7636886209827,2025-12-06 16h52.12.966266 +0100,
faces/079_o_f_h_b.jpg,happiness,162,18,2,0,,,0,,,0,,,0,,,0,,,1,[0.049338800003170036],[0.04934300000604708],2,18,162,31,72.84197209999547,,,,,,,,,72.83356189999904,72.84197209999547,72.97057279999717,72.9711934000079,72.99155510000128,72.99155510000128,72.99155510000128,72.99155510000128,72.99155510000128,72.99155510000128,73.04110489999584,0,,,0,,,0,,,0,,,sadness,0,0,,,1,[0.049338800003170036],[0.04934300000604708],490889,001,2025-12-06_16h52.10.209,faces_experiment,,2025.1.1,132.7636886209827,2025-12-06 16h52.12.966266 +0100,
faces/079_o_f_s_b.jpg,sadness,163,19,2,0,,,0,,,0,,,0,,,0,,,1,[0.01517250000324566],[0.015178200002992526],2,19,163,35,73.15415070000745,,,,,,,,,73.14458360000572,73.15415070000745,73.30421010000282,73.30451149999863,73.31704710000486,73.31704710000486,73.31704710000486,73.31704710000486,73.31704710000486,73.31704710000486,73.33239369999501,0,,,0,,,0,,,0,,,sadness,1,0,,,1,[0.01517250000324566],[0.015178200002992526],490889,001,2025-12-06_16h52.10.209,faces_experiment,,2025.1.1,132.7636886209827,2025-12-06 16h52.12.966266 +0100,
faces/140_y_f_a_b.jpg,anger,164,20,2,0,,,0,,,0,,,0,,,0,,,1,[0.0006676000048173591],[0.0006736000068485737],2,20,164,49,73.44636790000368,,,,,,,,,73.43759729999874,73.44636790000368,73.59591380000347,73.5962537000014,73.60936509999738,73.60936509999738,73.60936509999738,73.60936509999738,73.60936509999738,73.60936509999738,73.61022050000611,0,,,0,,,0,,,0,,,sadness,0,0,,,1,[0.0006676000048173591],[0.0006736000068485737],490889,001,2025-12-06_16h52.10.209,faces_experiment,,2025.1.1,132.7636886209827,2025-12-06 16h52.12.966266 +0100,
faces/004_o_m_d_a.jpg,disgust,165,21,2,0,,,0,,,0,,,0,,,0,,,1,[0.050924099996336736],[0.0509328999905847],2,21,165,2,73.71004220000759,,,,,,,,,73.70216460000665,73.71004220000759,73.86102340000798,73.86156849999679,73.87333709999803,73.87333709999803,73.87333709999803,73.87333709999803,73.87333709999803,73.87333709999803,73.924646200001,0,,,0,,,0,,,0,,,sadness,0,0,,,1,[0.050924099996336736],[0.0509328999905847],490889,001,2025-12-06_16h52.10.209,faces_experiment,,2025.1.1,132.7636886209827,2025-12-06 16h52.12.966266 +0100,
faces/004_o_m_s_b.jpg,sadness,166,22,2,0,,,0,,,0,,,0,,,0,,,1,[0.1407253000070341],[0.14072940000914969],2,22,166,11,74.04936910000106,,,,,,,,,74.04092539999692,74.04936910000106,74.17954989999998,74.18034489999991,74.19264930000645,74.19264930000645,74.19264930000645,74.19264930000645,74.19264930000645,74.19264930000645,74.33351409999887,0,,,0,,,0,,,0,,,sadness,1,0,,,1,[0.1407253000070341],[0.14072940000914969],490889,001,2025-12-06_16h52.10.209,faces_experiment,,2025.1.1,132.7636886209827,2025-12-06 16h52.12.966266 +0100,
faces/140_y_f_h_a.jpg,happiness,167,23,2,0,,,0,,,0,,,0,,,0,,,1,[0.1579316999996081],[0.15793549999943934],2,23,167,54,74.4490669999941,,,,,,,,,74.44061000000511,74.4490669999941,74.59714320000785,74.59848580000107,74.60922890000802,74.60922890000802,74.60922890000802,74.60922890000802,74.60922890000802,74.60922890000802,74.76735670000198,0,,,0,,,0,,,0,,,sadness,0,0,,,1,[0.1579316999996081],[0.15793549999943934],490889,001,2025-12-06_16h52.10.209,faces_experiment,,2025.1.1,132.7636886209827,2025-12-06 16h52.12.966266 +0100,
faces/168_m_f_n_a.jpg,neutrality,168,24,2,0,,,0,,,0,,,0,,,0,,,1,[0.05149060000258032],[0.051493800012394786],2,24,168,68,74.85411280000699,,,,,,,,,74.8453162000078,74.85411280000699,75.02130740000575,75.02325840000412,75.03343609999865,75.03343609999865,75.03343609999865,75.03343609999865,75.03343609999865,75.03343609999865,75.08510690000548,0,,,0,,,0,,,0,,,sadness,0,0,,,1,[0.05149060000258032],[0.051493800012394786],490889,001,2025-12-06_16h52.10.209,faces_experiment,,2025.1.1,132.7636886209827,2025-12-06 16h52.12.966266 +0100,
faces/066_y_m_n_b.jpg,neutrality,169,25,2,0,,,0,,,0,,,0,,,0,,,1,[0.049441099996329285],[0.04944489999616053],2,25,169,21,75.16628540000238,,,,,,,,,75.15825920000498,75.16628540000238,75.34931859999779,75.34970039999462,75.36239860000205,75.36239860000205,75.36239860000205,75.36239860000205,75.36239860000205,75.36239860000205,75.41214939999918,0,,,0,,,0,,,0,,,sadness,0,0,,,1,[0.049441099996329285],[0.04944489999616053],490889,001,2025-12-06_16h52.10.209,faces_experiment,,2025.1.1,132.7636886209827,2025-12-06 16h52.12.966266 +0100,
faces/079_o_f_d_a.jpg,disgust,170,26,2,0,,,0,,,0,,,0,,,0,,,1,[0.11300769999797922],[0.11301270000694785],2,26,170,26,75.50163070000417,,,,,,,,,75.49247880000621,75.50163070000417,75.66888389999804,75.6702207000053,75.6867254999961,75.6867254999961,75.6867254999961,75.6867254999961,75.6867254999961,75.6867254999961,75.79992910000146,0,,,0,,,0,,,0,,,sadness,0,0,,,1,[0.11300769999797922],[0.11301270000694785],490889,001,2025-12-06_16h52.10.209,faces_experiment,,2025.1.1,132.7636886209827,2025-12-06 16h52.12.966266 +0100,
faces/066_y_m_a_b.jpg,anger,171,27,2,0,,,0,,,0,,,0,,,0,,,1,[0.105843500001356],[0.10584830000880174],2,27,171,13,75.89145039999858,,,,,,,,,75.88324949999515,75.89145039999858,76.05613450000237,76.05718740000157,76.06954919999407,76.06954919999407,76.06954919999407,76.06954919999407,76.06954919999407,76.06954919999407,76.1755836999946,0,,,0,,,0,,,0,,,sadness,0,0,,,1,[0.105843500001356],[0.10584830000880174],490889,001,2025-12-06_16h52.10.209,faces_experiment,,2025.1.1,132.7636886209827,2025-12-06 16h52.12.966266 +0100,
faces/116_m_m_h_a.jpg,happiness,172,28,2,0,,,0,,,0,,,0,,,0,,,1,[0.16767070000059903],[0.16768160001083743],2,28,172,42,76.27232730000105,,,,,,,,,76.2644580000051,76.27232730000105,76.43768800000544,76.43848500000604,76.45154949999414,76.45154949999414,76.45154949999414,76.45154949999414,76.45154949999414,76.45154949999414,76.61948670000129,0,,,0,,,0,,,0,,,sadness,0,0,,,1,[0.16767070000059903],[0.16768160001083743],490889,001,2025-12-06_16h52.10.209,faces_experiment,,2025.1.1,132.7636886209827,2025-12-06 16h52.12.966266 +0100,
faces/066_y_m_d_b.jpg,disgust,173,29,2,0,,,0,,,0,,,0,,,0,,,1,[0.1040973000053782],[0.10410199999751057],2,29,173,15,76.72788970000693,,,,,,,,,76.71922549999726,76.72788970000693,76.88235349999741,76.88504380000813,76.90362909999385,76.90362909999385,76.90362909999385,76.90362909999385,76.90362909999385,76.90362909999385,77.00805319999927,0,,,0,,,0,,,0,,,sadness,0,0,,,1,[0.1040973000053782],[0.10410199999751057],490889,001,2025-12-06_16h52.10.209,faces_experiment,,2025.1.1,132.7636886209827,2025-12-06 16h52.12.966266 +0100,
faces/066_y_m_s_a.jpg,sadness,174,30,2,0,,,0,,,0,,,0,,,0,,,1,[0.10620470000139903],[0.1062099999981001],2,30,174,22,77.1271521000017,,,,,,,,,77.1186083000066,77.1271521000017,77.2585007000016,77.25935140000365,77.27117419999558,77.27117419999558,77.27117419999558,77.27117419999558,77.27117419999558,77.27117419999558,77.37755289999768,0,,,0,,,0,,,0,,,sadness,1,0,,,1,[0.10620470000139903],[0.1062099999981001],490889,001,2025-12-06_16h52.10.209,faces_experiment,,2025.1.1,132.7636886209827,2025-12-06 16h52.12.966266 +0100,
faces/168_m_f_s_a.jpg,sadness,175,31,2,0,,,0,,,0,,,0,,,0,,,1,[0.07124689999909606],[0.07125199999427423],2,31,175,70,77.49075599999924,,,,,,,,,77.48248880000028,77.49075599999924,77.64083230000688,77.64239190000808,77.6543851000024,77.6543851000024,77.6543851000024,77.6543851000024,77.6543851000024,77.6543851000024,77.7258170999994,0,,,0,,,0,,,0,,,sadness,1,0,,,1,[0.07124689999909606],[0.07125199999427423],490889,001,2025-12-06_16h52.10.209,faces_experiment,,2025.1.1,132.7636886209827,2025-12-06 16h52.12.966266 +0100,
faces/168_m_f_d_b.jpg,disgust,176,32,2,0,,,0,,,0,,,0,,,0,,,1,[0.14037689998804126],[0.14038259998778813],2,32,176,63,77.83473070000764,,,,,,,,,77.82640780000656,77.83473070000764,77.98103809999884,77.98204610000539,77.99560369999381,77.99560369999381,77.99560369999381,77.99560369999381,77.99560369999381,77.99560369999381,78.13620500000252,0,,,0,,,0,,,0,,,sadness,0,0,,,1,[0.14037689998804126],[0.14038259998778813],490889,001,2025-12-06_16h52.10.209,faces_experiment,,2025.1.1,132.7636886209827,2025-12-06 16h52.12.966266 +0100,
faces/168_m_f_h_a.jpg,happiness,177,33,2,0,,,0,,,0,,,0,,,0,,,1,[0.0947747000027448],[0.09477979999792296],2,33,177,66,78.25910009999643,,,,,,,,,78.24931280000601,78.25910009999643,78.39143010000407,78.3926644000021,78.40842880000127,78.40842880000127,78.40842880000127,78.40842880000127,78.40842880000127,78.40842880000127,78.5033781999955,0,,,0,,,0,,,0,,,sadness,0,0,,,1,[0.0947747000027448],[0.09477979999792296],490889,001,2025-12-06_16h52.10.209,faces_experiment,,2025.1.1,132.7636886209827,2025-12-06 16h52.12.966266 +0100,
faces/079_o_f_f_a.jpg,fear,178,34,2,0,,,0,,,0,,,0,,,0,,,1,[0.11800180000136606],[0.11800639999273699],2,34,178,28,78.6186696000077,,,,,,,,,78.61043640000571,78.6186696000077,78.76623570000811,78.76713730000483,78.77974790000007,78.77974790000007,78.77974790000007,78.77974790000007,78.77974790000007,78.77974790000007,78.89790179999545,0,,,0,,,0,,,0,,,sadness,0,0,,,1,[0.11800180000136606],[0.11800639999273699],490889,001,2025-12-06_16h52.10.209,faces_experiment,,2025.1.1,132.7636886209827,2025-12-06 16h52.12.966266 +0100,
faces/140_y_f_f_b.jpg,fear,179,35,2,0,,,0,,,0,,,0,,,0,,,1,[0.0971280000085244],[0.09713340000598691],2,35,179,53,79.0125115999981,,,,,,,,,79.00438860000577,79.0125115999981,79.16501810000045,79.16609490000701,79.17992860000231,79.17992860000231,79.17992860000231,79.17992860000231,79.17992860000231,79.17992860000231,79.27720270000282,0,,,0,,,0,,,0,,,sadness,0,0,,,1,[0.0971280000085244],[0.09713340000598691],490889,001,2025-12-06_16h52.10.209,faces_experiment,,2025.1.1,132.7636886209827,2025-12-06 16h52.12.966266 +0100,
faces/004_o_m_n_a.jpg,neutrality,180,36,2,0,,,0,,,0,,,0,,,0,,,1,[0.13399199998821132],[0.13399699999717996],2,36,180,8,79.39177109999582,,,,,,,,,79.38412909999897,79.39177109999582,79.53755910000473,79.53864959999919,79.55790680000791,79.55790680000791,79.55790680000791,79.55790680000791,79.55790680000791,79.55790680000791,79.69206060000579,0,,,0,,,0,,,0,,,sadness,0,0,,,1,[0.13399199998821132],[0.13399699999717996],490889,001,2025-12-06_16h52.10.209,faces_experiment,,2025.1.1,132.7636886209827,2025-12-06 16h52.12.966266 +0100,
faces/116_m_m_n_a.jpg,neutrality,181,37,2,0,,,0,,,0,,,0,,,0,,,1,[0.1547448999917833],[0.15474969999922905],2,37,181,44,79.78933480000705,,,,,,,,,79.78157570000621,79.78933480000705,79.95502900000429,79.95600429999467,79.96838530000241,79.96838530000241,79.96838530000241,79.96838530000241,79.96838530000241,79.96838530000241,80.1233452000015,0,,,0,,,0,,,0,,,sadness,0,0,,,1,[0.1547448999917833],[0.15474969999922905],490889,001,2025-12-06_16h52.10.209,faces_experiment,,2025.1.1,132.7636886209827,2025-12-06 16h52.12.966266 +0100,
faces/066_y_m_n_a.jpg,neutrality,182,38,2,0,,,0,,,0,,,0,,,0,,,1,[0.21578980000049341],[0.2157943000056548],2,38,182,20,80.2323594000045,,,,,,,,,80.22390680000535,80.2323594000045,80.37973790000251,80.38104619999649,80.4017060000042,80.4017060000042,80.4017060000042,80.4017060000042,80.4017060000042,80.4017060000042,80.61782830000448,0,,,0,,,0,,,0,,,sadness,0,0,,,1,[0.21578980000049341],[0.2157943000056548],490889,001,2025-12-06_16h52.10.209,faces_experiment,,2025.1.1,132.7636886209827,2025-12-06 16h52.12.966266 +0100,
faces/066_y_m_f_b.jpg,fear,183,39,2,0,,,0,,,0,,,0,,,0,,,1,[0.1537285999947926],[0.15373299999919254],2,39,183,17,80.73276460000488,,,,,,,,,80.72453300000052,80.73276460000488,80.87885720000486,80.87970010000572,80.8917947000009,80.8917947000009,80.8917947000009,80.8917947000009,80.8917947000009,80.8917947000009,81.04567200000747,0,,,0,,,0,,,0,,,sadness,0,0,,,1,[0.1537285999947926],[0.15373299999919254],490889,001,2025-12-06_16h52.10.209,faces_experiment,,2025.1.1,132.7636886209827,2025-12-06 16h52.12.966266 +0100,
faces/140_y_f_h_b.jpg,happiness,184,40,2,0,,,0,,,0,,,0,,,0,,,1,[0.11836480000056326],[0.11837149999337271],2,40,184,55,81.16072539999732,,,,,,,,,81.15230509999674,81.16072539999732,81.30976620000729,81.31063269999868,81.32430599999498,81.32430599999498,81.32430599999498,81.32430599999498,81.32430599999498,81.32430599999498,81.4429145000031,0,,,0,,,0,,,0,,,sadness,0,0,,,1,[0.11836480000056326],[0.11837149999337271],490889,001,2025-12-06_16h52.10.209,faces_experiment,,2025.1.1,132.7636886209827,2025-12-06 16h52.12.966266 +0100,
faces/116_m_m_h_b.jpg,happiness,185,41,2,0,,,0,,,0,,,0,,,0,,,1,[0.03869400000257883],[0.03870180000376422],2,41,185,43,81.54965480000828,,,,,,,,,81.54162129999895,81.54965480000828,81.7001648000005,81.70089120000193,81.71287920000032,81.71287920000032,81.71287920000032,81.71287920000032,81.71287920000032,81.71287920000032,81.75187779999396,0,,,0,,,0,,,0,,,sadness,0,0,,,1,[0.03869400000257883],[0.03870180000376422],490889,001,2025-12-06_16h52.10.209,faces_experiment,,2025.1.1,132.7636886209827,2025-12-06 16h52.12.966266 +0100,
faces/079_o_f_a_a.jpg,anger,186,42,2,0,,,0,,,0,,,0,,,0,,,1,[0.05202309999731369],[0.05203220000839792],2,42,186,24,81.87801010000112,,,,,,,,,81.86883890000172,81.87801010000112,82.00488799999584,82.00547180000285,82.02671940000437,82.02671940000437,82.02671940000437,82.02671940000437,82.02671940000437,82.02671940000437,82.07908720000705,0,,,0,,,0,,,0,,,sadness,0,0,,,1,[0.05202309999731369],[0.05203220000839792],490889,001,2025-12-06_16h52.10.209,faces_experiment,,2025.1.1,132.7636886209827,2025-12-06 16h52.12.966266 +0100,
faces/116_m_m_a_b.jpg,anger,187,43,2,0,,,0,,,0,,,0,,,0,,,1,[0.08341720000316855],[0.08342640000046231],2,43,187,37,82.18921799999953,,,,,,,,,82.1802297999966,82.18921799999953,82.3398140000063,82.34066020000319,82.3566232000012,82.3566232000012,82.3566232000012,82.3566232000012,82.3566232000012,82.3566232000012,82.44040680000035,0,,,0,,,0,,,0,,,sadness,0,0,,,1,[0.08341720000316855],[0.08342640000046231],490889,001,2025-12-06_16h52.10.209,faces_experiment,,2025.1.1,132.7636886209827,2025-12-06 16h52.12.966266 +0100,
faces/168_m_f_a_a.jpg,anger,188,44,2,0,,,0,,,0,,,0,,,0,,,1,[0.0941644999984419],[0.09416949999285862],2,44,188,60,82.54936570000427,,,,,,,,,82.5411274000071,82.54936570000427,82.70133090000309,82.70200420000765,82.7181111999962,82.7181111999962,82.7181111999962,82.7181111999962,82.7181111999962,82.7181111999962,82.812525500005,0,,,0,,,0,,,0,,,sadness,0,0,,,1,[0.0941644999984419],[0.09416949999285862],490889,001,2025-12-06_16h52.10.209,faces_experiment,,2025.1.1,132.7636886209827,2025-12-06 16h52.12.966266 +0100,
faces/079_o_f_n_b.jpg,neutrality,189,45,2,0,,,0,,,0,,,0,,,0,,,1,[0.18601930000295397],[0.18602439999813214],2,45,189,33,82.93682600000466,,,,,,,,,82.92851480000536,82.93682600000466,83.06963919999544,83.07072499999776,83.08610410000256,83.08610410000256,83.08610410000256,83.08610410000256,83.08610410000256,83.08610410000256,83.27234860000317,0,,,0,,,0,,,0,,,sadness,0,0,,,1,[0.18601930000295397],[0.18602439999813214],490889,001,2025-12-06_16h52.10.209,faces_experiment,,2025.1.1,132.7636886209827,2025-12-06 16h52.12.966266 +0100,
faces/116_m_m_n_b.jpg,neutrality,190,46,2,0,,,0,,,0,,,0,,,0,,,1,[0.06821530000888743],[0.06822200000169687],2,46,190,45,83.3817252000008,,,,,,,,,83.3727646000043,83.3817252000008,83.52684419999423,83.52801470000122,83.54687740000372,83.54687740000372,83.54687740000372,83.54687740000372,83.54687740000372,83.54687740000372,83.61536860000342,0,,,0,,,0,,,0,,,sadness,0,0,,,1,[0.06821530000888743],[0.06822200000169687],490889,001,2025-12-06_16h52.10.209,faces_experiment,,2025.1.1,132.7636886209827,2025-12-06 16h52.12.966266 +0100,
faces/140_y_f_f_a.jpg,fear,191,47,2,0,,,0,,,0,,,0,,,0,,,1,[0.18201499999850057],[0.18202389999350999],2,47,191,52,83.73985709999397,,,,,,,,,83.73113660000672,83.73985709999397,83.86804869999469,83.86910650000209,83.88819070000318,83.88819070000318,83.88819070000318,83.88819070000318,83.88819070000318,83.88819070000318,84.07051629999478,0,,,0,,,0,,,0,,,sadness,0,0,,,1,[0.18201499999850057],[0.18202389999350999],490889,001,2025-12-06_16h52.10.209,faces_experiment,,2025.1.1,132.7636886209827,2025-12-06 16h52.12.966266 +0100,
faces/168_m_f_s_b.jpg,sadness,192,48,2,,,,,,,,,,,,,,,,,,,2,48,192,71,84.1741680999985,,,,,,,,,84.16603219999524,84.1741680999985,84.34157410000626,84.34264350000012,84.35881000000518,84.35881000000518,84.35881000000518,84.35881000000518,84.35881000000518,84.35881000000518,,,,,,,,,,,,,,,,,,,,,,,,,,,,,,
